bbl,address,ownername,property_manager,yearalter,numfloors,unitstotal,total_gross_floor_area,office_sqft,% Leased,LL33 grade,Latest_ENERGY_STAR_Score,Latest_Target_ENERGY_STAR_Score,Estimated_Target_ENERGY_STAR_Score,Class,LandlordContact,GreenRating,neighborhood
1000090014,"17 State St, New York, NY 10004",RFR Realty,Servcorp,1987,42,96,575860,542515,100,B,79,85,,A,,,Financial District-Battery Park City
1000090029,"24 State St, New York, NY 10004",Rudin,RFR Realty,2018,35,59,835356,849807,100,D,52,,56,A,AJ Camhi (212) 308-0700 (p),,Financial District-Battery Park City
1000100014,"33 Whitehall St, New York, NY 10004",Broad Financial Center,CBRE,2004,30,29,365792,290751.458,84,B,82,,74,A,Edward Goldman (212) 984-8193 (p),,Midtown
1000100023,"1 Whitehall St, New York, NY 10004",Chetrit Group,Cushman & Wakefield,1989,21,41,321994,316494,100,A,90,,83,A,Paige Engeldrum (212) 841-7740 (p),,Financial District-Battery Park City
1000130001,"1 Broadway, New York, NY 10004",Rockwood,Cushman & Wakefield,2021,12,1,230911,180000,100,B,72,,83,A,,,Financial District-Battery Park City
1000130005,"11 Broadway, New York, NY 10004",KF Braun,KF Braun,2012,22,126,434220,411720,62.8,A,95,,88,B,Mendy Braun (212) 349-2154 (p),,Financial District-Battery Park City
1000130027,"25 Broadway, New York, NY 10004",ACTA Realty,CBRE,2010,23,12,809401,767690,89.1,N (exempt),88,,81,A,Richard Levine (212) 618-7060 (p),,Financial District
1000160260,"200 W St, New York, NY 10282",Goldman Sachs Group,CBRE,2009,45,1,2157862,1834182.7,100,N (exempt),77,85,,A,Stephen Sjurset (212) 984-7105 (p),,Midtown
1000200004,"39 Broadway, New York, NY 10006",Cammeby's,The Lawrence Group,2005,38,87,447442,447442,77.7,A,89,90,,B,David Ofman (212) 413-8427 (p),,Financial District-Battery Park City
1000200009,"45 Broadway, New York, NY 10006",Cammeby's,The Lawrence Group,1983,31,71,394763,368305,87.7,B,81,75,,A,Brian Siegel (212) 413-8425 (p),,Financial District-Battery Park City
1000200016,"55 Broadway, New York, NY 10006",Vornado Realty Trust,CBRE,1983,31,60,354072,298081,86.9,B,81,50,,A,Bradley Gerla (212) 984-7153 (p),,Financial District-Battery Park City
1000210001,"61 Broadway, New York, NY 10006",RXR Realty,Newmark,1988,33,102,709506,633379,59.8,A,92,,84,A,Hal Stein (212) 233-8185 (p),,Financial District-Battery Park City
1000210004,"65 Broadway, New York, NY 10006",Chetrit Group,Ramsco Realty,2015,21,170,335184,330184,100,F,80,,81,B,Ariel Chetrit (917) 535-2979 (p),,Financial District-Battery Park City
1000220013,"26 Broadway, New York, NY 10004",Chetrit Group,Newmark,1998,32,49,200000,856889,80.2,C,90,75,,A,Alexander Kesseler (212) 372-0766 (p),,Financial District-Battery Park City
1000220017,"32 Broadway, New York, NY 10004",Vornado Realty Trust,The Lawrence Group,2017,18,51,145494,134940,75,D,45,,64,A,Brian Siegel (212) 413-8425 (p),,Financial District-Battery Park City
1000220020,"42 Broadway, New York, NY 10004",Vornado Realty Trust,The Lawrence Group,1999,21,55,405244,389917,74.4,B,84,,76,A,Brian Siegel (212) 413-8425 (p),,Financial District-Battery Park City
1000220024,"50 Broadway, New York, NY 10004",50 Broadway Realty,Cushman & Wakefield,2003,38,66,300676,279778,99,B,85,,75,B,Stephen Bellwood (212) 318-9785 (p),,Financial District-Battery Park City
1000220028,"52 Broadway, New York, NY 10004",Jack Resnick & Sons,Cushman & Wakefield,2003,19,22,345540,278310,97,C,70,,70,A,Stephen Bellwood (212) 318-9785 (p),,Financial District-Battery Park City
1000240001,"60 Broad St, New York, NY 10004",Piedmont Realty Trust,JLL,2018,39,1,1072213,974984,100,B,74,,77,A,John Wheeler (212) 812-5906 (p),,Financial District-Battery Park City
1000240029,"30 Broad St, New York, NY 10004",Edge Principal Advisors,Newmark,1985,48,1,370000,362072,100,A,91,91,,B,Andrew Peretz (212) 233-8164 (p),,Financial District
1000250001,"55 Broad St, New York, NY 10004",Silverstein Properties,Rudin,2025,30,88,406025,400143,100,N (exempt),63,,60,A,Thomas Keating (212) 407-2481 (p),,Financial District
1000290036,"1 William St, New York, NY 10004",Banca IMI Securities,Cushman & Wakefield,1983,12,4,105000,49250,100,B,73,73,,B,,,Financial District
1000290070,"75 Broad St, New York, NY 10004",JEMB,JEMB,2017,34,96,671172,653245,82.3,A,100,,87,A,Joseph Hamway (917) 414-4961 (p),,Financial District-Battery Park City
1000290073,"44 Beaver St, New York, NY 10004",City of New York,DCAS,1984,12,1,97596,97596,100,C,69,,82,B,,,Midtown
1000330001,"77 Water St, New York, NY 10005",Kaufman Organization,CBRE,2008,26,35,546882,372360.87,100,B,76,75,,A,,,Financial District-Battery Park City
1000390012,"110 Maiden Lane, New York, NY 10005",Rudin,Lalezarian Properties,2007,38,70,1049691,1069367,97,N (exempt),18,,37,A,,,Financial District-Battery Park City
1000400003,"60 Wall St, New York, NY 10005",Paramount Group,CBRE,2025,47,1,1625483,1374625.1,100,N (exempt),72,80,,A,Howard Fiddle (212) 984-6525 (p),,Financial District
1000400014,"48 Wall St, New York, NY 10005",Swig Equities,CBRE,2000,32,27,313918,259055,94.9,C,67,,71,A,Bevan Cohen (212) 895-0945 (p),,Financial District-Battery Park City
1000420031,"80 Maiden Lane, New York, NY 10038",Cannon Hill Capital Partners,CBRE,1986,25,1,527605,429598.1875,100,B,83,,73,B,Jonathan Cope (212) 618-7015 (p),,Financial District-Battery Park City
1000430001,"44 Wall St, New York, NY 10005",EQ Office,George Comfort & Sons,2006,24,45,289049,289049,56.6,A,86,,76,B,Alexander Bermingham (212) 542-2189 (p),,Financial District-Battery Park City
1000460001,"2 Wall St, New York, NY 10005",Fieldstone Capital,George Comfort & Sons,1986,21,17,173159,153090,98.8,N (exempt),57,98,,B,Alexander Bermingham (212) 542-2189 (p),,Financial District
1000460009,"14 Wall St, New York, NY 10005","Rovt, Alexander",CBRE,2006,32,71,1087770,814801,59.3,D,42,,65,A,Bradley Gerla (212) 984-7153 (p),LEED Platinum,Financial District-Battery Park City
1000480001,"140 Broadway, New York, NY 10005",Hines,Newmark,2020,50,78,1272119,1113972,84.2,B,79,69,,A,David Falk (212) 372-2271 (p),,Financial District-Battery Park City
1000490002,"111 Broadway, New York, NY 10006",Madison International Realty,Colliers,2004,22,100,450000,423593,86.8,B,79,,69,A,Aidan Campbell (212) 716-3825 (p),,Financial District-Battery Park City
1000500001,"115 Broadway, New York, NY 10006",Capital Properties,Colliers,1989,21,53,400000,374003,79.6,B,80,,71,A,Aidan Campbell (212) 716-3825 (p),LEED Platinum,Financial District-Battery Park City
1000510007,"76 Trinity Pl, New York, NY 10006",Trinity Church Wall Street,Trinity Church Wall Street,2017,27,1,281121,238952.85,100,N (exempt),45,,63,C,,,Midtown
1000640012,"150 Broadway, New York, NY 10038",JEMB,JLL,1986,23,92,276000,272517,84,A,93,,83,B,Andrew Coe (212) 812-6554 (p),,Financial District-Battery Park City
1000640015,"160 Broadway, New York, NY 10038",KF Braun,KF Braun,2018,16,75,150000,141000,82.1,A,87,,84,B,Mendy Braun (212) 349-2154 (p),,Financial District-Battery Park City
1000650007,"15 Maiden Lane, New York, NY 10038",Heller Properties,Heller Properties,2003,20,52,144200,123372,94.4,A,93,,89,B,Edny Medor (212) 964-3180 (p),,Financial District-Battery Park City
1000660001,"19 Liberty St, New York, NY 10038",Fosun International,JLL,2016,14,1,640000,640000,100,N (exempt),32,14,,A,Michael Berman (212) 418-2680 (p),,Financial District
1000670001,"59 Maiden Lane, New York, NY 10038",AmTrust Realty,AmTrust Realty,1988,44,57,1073000,1073000,97.4,B,70,,73,A,Anne Holker (646) 914-4404 (p),,Financial District-Battery Park City
1000680011,"75 Maiden Lane, New York, NY 10038",AM Property Holding,Newmark,2015,12,1,155026,131772.1,100,B,80,,76,A,,,Financial District-Battery Park City
1000750030,"111 John St, New York, NY 10038",KF Braun,KF Braun,2016,26,61,296076,251664.6,70,A,96,,89,B,Mendy Braun (212) 349-2154 (p),,Financial District-Battery Park City
1000770008,"110 William St, New York, NY 10038","Pacific Oak Capital Advisors, Invesco",Newmark,2011,31,46,788240,767504,100,N (exempt),78,85,,A,Hal Stein (212) 233-8185 (p),,Financial District-Battery Park City
1000880001,"217 Broadway, New York, NY 10007",Columbus Properties,CBRE,1999,10,12,133198,93739,61.2,B,71,,81,B,Bruce Surry (212) 618-7044 (p),,Financial District
1000880010,"30 Vesey St, New York, NY 10007",Greystone,Sinvin,2018,18,26,71959,68163,80.9,B,71,,91,B,James Costello (646) 673-8752 (p),,Tribeca-Civic Center
1000880018,"225 Broadway, New York, NY 10007",KF Braun,KF Braun,2015,45,100,480831,463700,69.1,A,92,,83,B,Mendy Braun (212) 349-2154 (p),,Tribeca-Civic Center
1000920024,"116 Nassau St, New York, NY 10038",Columbia University,Endurance Real Estate Advisors,2016,12,10,109173,93818,29.5,A,93,,86,B,,,Financial District
1000940025,"100 Gold St, New York, NY 10038",City of New York,DCAS,2019,10,1,655775,594000,100,B,84,,78,A,,,Midtown
1001190001,"1 Police Plaza, New York, NY 10038",City of New York,DCAS,2002,16,1,1000518,711424,100,D,37,,56,B,,,Midtown
1001210001,"1 Centre St, New York, NY 10013",City of New York,DCAS,2004,39,1,1056600,1056600,100,N (exempt),96,,86,A,,,Midtown
1001220001,"52 Chambers St, New York, NY 10007",City of New York,DCAS,2012,2,1,144016,52000,100,N (exempt),1,,30,A,,,Midtown
1001240004,"11 Park Pl, New York, NY 10128",Stahl Organization,Colliers,2004,18,64,205000,195200,79.8,C,67,,70,B,Michael Berger (212) 716-3643 (p),Energy Star,Midtown
1001270018,"255 Greenwich St, New York, NY 10007",Jack Resnick & Sons,Jack Resnick & Sons,2003,13,1,507000,467500,100,N (exempt),45,,58,A,Adam S. Rappaport (646) 253-3111 arappaport@resnicknyc.com,,Tribeca-Civic Center
1001480010,"71 Thomas St, New York, NY 10013",GFP Real Estate,Newmark,2016,7,3,100750,100750,100,B,86,,84,B,,,Midtown
1001530001,"280 Broadway, New York, NY 10007",City of New York,Walker Malloy,2017,7,5,242062,168492,100,A,92,,88,A,Rafe Evans (917) 701-4059 (p),,Tribeca-Civic Center
1001530024,"23 Chambers St, New York, NY 10007",City of New York,DCAS,2016,8.5,46,229824,212500,100,N (exempt),93,,85,A,,,Midtown
1001540023,"14 Reade St, New York, NY 10007",City of New York,DCAS,1961,7,6,71732,71732,100,A,86,,86,A,,,Midtown
1001550001,"2 Lafayette St, New York, NY 10007",City of New York,DCAS,2017,21,1,354169,341769,100,B,80,,70,B,,,Midtown
1001550003,"52 Duane St, New York, NY 10007",Benjamin Partners,CBRE,1985,10,3,103158,94058,73.3,A,85,,82,B,Jonathan Cope (212) 618-7015 (p),,Tribeca-Civic Center
1001680032,"75 Centre St, New York, NY 10013",City of New York,DCAS,2008,10,10,353000,353000,95.7,A,87,,76,A,,,Midtown
1001940042,"60 Walker St, New York, NY 10013",Vornado Realty Trust,Vornado Realty Trust,1989,26,171,230139,223139,91.1,B,84,85,,B,,,Midtown
1001960005,"408 Broadway, New York, NY 10013",United American Land Company,Newmark,2008,6,13,56210,46210,27.1,N (exempt),34,,59,B,,,Tribeca-Civic Center
1002210030,"200 Hudson St, New York, NY 10013",Hines,Tungsten Property,1982,12,23,328415,313192,97.1,A,73,75,,B,Frank Reiser (914) 714-0444 (p),,Tribeca
1002320001,"434 Broadway, New York, NY 10013",MC Real Estate Partners,Newmark,2017,9,6,52065,26349,100,B,64,,80,B,Matthew Augarten (212) 372-2388 (p),,Financial District
1004730001,"462 Broadway, New York, NY 10013",Vornado Realty Trust,Himmel + Meringoff,2018,6,9,141050,100900,86.4,B,86,,80,B,Adam Weissleder (212) 337-7763 (p),,Financial District
1004740030,"483 Broadway, New York, NY 10013",Vornado Realty Trust,Newmark,2019,5,5,57305,35057,100,C,69,90,,B,JD Cohen (212) 850-5476 (p),,Financial District
1004820016,"72 Spring St, New York, NY 10012",Heller Properties,Newmark,2016,12,15,130000,101587,91.2,A,85,,85,B,Nathan Kropp (212) 372-2056 (p),,SoHo-Little Italy-Hudson Square
1004860011,"84 Wooster St, New York, NY 10012",Stellar Management,Stellar Management,1982,7,25,65972,46552,61.9,A,89,,90,B,,,SoHo-Little Italy-Hudson Square
1004960036,"71 Spring St, New York, NY 10012",United American Land Company,Newmark,2024,6,1,56340,46740,100,C,68,,79,B,Howard Hersch (212) 655-0626 (p),,SoHo-Little Italy-Hudson Square
1004960040,"75 Spring St, New York, NY 10012",Greystone,Sinvin,2023,9,10,54800,49200,100,A,99,,100,B,,,SoHo-Little Italy-Hudson Square
1004970001,"530 Broadway, New York, NY 10012",Wharton Properties,Newmark,2023,11,35,169983,156619,95.3,A,90,,86,A,Howard Hersch (212) 655-0626 (p),,SoHo-Little Italy-Hudson Square
1004980009,"557 Broadway, New York, NY 10012",Vornado Realty Trust,Cushman & Wakefield,1999,10,2,112500,108490,100,N (exempt),39,55,,A,Alex Lachmund (212) 841-7755 (p),,Financial District
1004980011,"549 Broadway, New York, NY 10012",Vornado Realty Trust,Cast Iron,2024,12,6,243442,217958,83.5,N (exempt),77,75,,A,Beth Chase (212) 226-8576 (p),,Financial District
1004990007,"104 Greene St, New York, NY 10012",SL Green Realty,SL Green Realty,2015,13,112,201002,164380,97.8,N (exempt),92,89,,A,,,SoHo-Little Italy-Hudson Square
1005000011,"120 Wooster St, New York, NY 10012",120 Wooster,Sinvin,1988,6,16,52526,43772,80.4,B,70,,85,B,Christopher Owles (212) 604-9002 (p),,SoHo-Little Italy-Hudson Square
1005050036,"161 Ave Of The Americas, New York, NY 10013",Imperium,CBRE,2014,13,1,255000,522840.95,100,D,12,,33,A,Brett Shannon (212) 984-8188 (p),,SoHo-Little Italy-Hudson Square
1005100001,"63 Prince St, New York, NY 10012",Bromley Companies,Boymelgreen,2009,15,1,178459,154913,100,A,99,,94,B,,,SoHo-Little Italy-Hudson Square
1005100038,"298 Lafayette St, New York, NY 10012",Kushner Companies,CBRE,2004,16,1,59757,48750,100,A,90,,94,A,Sacha Zarba (212) 984-8317 (p),,SoHo-Little Italy-Hudson Square
1005110001,"568 Broadway, New York, NY 10012",Aurora Capital Associates,Prince Building Management,2024,12,93,332256,227536,48.9,C,63,,69,A,Bonnie Shapiro (212) 219-0688 (p),,SoHo-Little Italy-Hudson Square
1005110006,"580 Broadway, New York, NY 10012",A.R.I Investors,Newmark,2023,12,13,127597,117597,100,B,81,,72,A,Howard Hersch (212) 655-0626 (p),,SoHo-Little Italy-Hudson Square
1005110008,"584 Broadway, New York, NY 10012",Vornado Realty Trust,Olmstead Properties,2014,12,101,254822,74580,80.5,A,96,,88,A,Steven Marvin (212) 564-2141 (p),,Financial District
1005110012,"592 Broadway, New York, NY 10012",Vornado Realty Trust,ABS Partners,2014,12,96,231840,216817,92.1,A,90,,83,B,James Caseley (212) 400-6075 (p),,Financial District
1005120015,"591 Broadway, New York, NY 10012",GFP Real Estate,GFP Real Estate,2013,6,15,62536,47536,98,N (exempt),85,85,,B,Neith Stone (917) 854-5116 (p),,Financial District
1005220001,"610 Broadway, New York, NY 10012",Macklowe Management,JLL,2016,6,1,122200,76500,100,D,46,45,,A,Barbara Winter (212) 812-5990 (p),,Financial District
1005230046,"625 Broadway, New York, NY 10012",Lincoln Property,Kaufman Organization,2013,12,13,78958,73120,100,D,32,,55,B,Jared Sternberg (212) 471-4352 (p),,Financial District
1005300001,"670 Broadway, New York, NY 10012",Wings Group,Sinvin,2016,5,3,66905,32291,93.2,D,5,,49,B,Christopher Owles (212) 604-9002 (p),,Greenwich Village
1005310020,"383 Lafayette St, New York, NY 10003",NYU,Del Realty,2015,4,4,67964,64347,100,A,90,90,,B,Ed Candler (212) 674-3332 (p),,Greenwich Village
1005320015,"661 Broadway, New York, NY 10012",Continental East,Cushman & Wakefield,2007,12,42,162693,130000,100,N (exempt),60,,74,B,John Peters (212) 841-7510 (p),,Greenwich Village
1005440008,"409 Lafayette St, New York, NY 10003",Himmel + Meringoff,JLL,1988,6,7,97020,82669,100,A,83,75,,B,Corey Zolcinski (212) 812-5707 (p),,Midtown
1005450006,"708 Broadway, New York, NY 10003",NYU,Weitz,2018,10,1,127143,108071.55,100,N (exempt),45,,66,B,Gary Klein (212) 558-5500 (p),,Financial District
1005450015,"726 Broadway, New York, NY 10003",NYU,NYU,2014,10,1,349011,286148.25,100,N (exempt),30,,56,B,,,Greenwich Village
1005450053,"400 Lafayette St, New York, NY 10003",NYU,ABS Partners,2014,5,1,93048,79090.8,100,N (exempt),75,,75,B,James Caseley (212) 400-6075 (p),,Midtown
1005460021,"19 W 4Th St, New York, NY 10012",NYU,Newmark,2007,8,1,100628,85533.8,100,N (exempt),60,,65,B,William Grover (212) 372-2188 (p),,Greenwich Village
1005460026,"21 W 4th St, New York, NY 10012",NYU,Avison Young,2018,6,1,56684,48181.4,100,N (exempt),85,,85,B,John Ryan (212) 729-4971 (p),,Greenwich Village
1005480009,"13 University Pl, New York, NY 10003",NYU,NYU,2000,6,4,55224,50185,100,N (exempt),30,,66,B,,,Greenwich Village
1005540001,"770 Broadway, New York, NY 10001",Vornado Realty Trust,Vornado Realty Trust,2016,15,27,1089849,720000,100,B,76,,70,A,Edward Hogan (212) 894-7988 (p),,Greenwich Village
1005590016,"124 E 14th St, New York, NY 10003",City of New York,JLL,2020,22,1,230591,196002.35,100,D,36,,61,A,Kristen Morgan (212) 812-6043 (p),,East Village
1005630001,"83 University Pl, New York, NY 10003",CIM Group,JLL,2022,12,44,220000,203076,39.5,B,74,,76,B,Joseph Sipala (212) 812-6467 (p),,Greenwich Village
1005630031,"817 Broadway, New York, NY 10003",Squire Investments,Newmark,2019,14,15,115000,107883,93.2,C,60,,71,A,Daniel Levine (212) 372-2319 (p),Energy Star,Greenwich Village
1005630046,"57 E 11th St, New York, NY 10003",Winter Organization,JLL,2019,11,1,57585,52412,100,A,94,,93,B,,,Greenwich Village
1005650015,"849 Broadway, New York, NY 10003",Feil Organization,Feil Organization,2004,21,180,272925,193627,94.1,N (exempt),51,,55,A,Robert Fisher (212) 563-6557 (p),,Greenwich Village
1005760046,"60 5 Ave, New York, NY 10011",NYU,NYU,2015,8,1,121054,96475,100,N (exempt),30,,56,B,,,Greenwich Village
1005770034,"8 W 14th St, New York, NY 10011",Soloviev Group,Douglas Elliman,2001,6,6,120025,110000,90,A,99,,86,A,Louis Puopolo (212) 776-4367 (p),,Greenwich Village
1005780047,"250 Hudson St, New York, NY 10013",Jack Resnick & Sons,Jack Resnick & Sons,2011,14,20,332960,323600,65.8,A,91,,81,A,Adam Rappaport (646) 253-3111 (p),,SoHo-Little Italy-Hudson Square
1005810063,"225 Varick St, New York, NY 10014",Hines,CBRE,2015,12,33,299592,292116,79.4,B,54,75,,B,Neil King (212) 984-8352 (p),,Midtown
1005970001,"515 Greenwich St, New York, NY 10013",Trinity Church Wall Street,CBRE,2012,5,9,59615,49615,18.4,B,75,,75,A,,,Tribeca
1005970012,"78 Vandam St, New York, NY 10013",Jack Resnick & Sons,Jack Resnick & Sons,2016,10,14,427972,366584,90.1,A,93,90,,A,,,SoHo-Little Italy-Hudson Square
1005970062,"323 Hudson St, New York, NY 10013",Divco West Services,CBRE,2016,10,39,193813,164741.05,75.4,A,87,,98,B,Paul Amrich (212) 984-8122 (p),Energy Star; LEED Gold,SoHo-Little Italy-Hudson Square
1005990064,"375 Hudson St, New York, NY 10014",Trinity Church Wall Street,CBRE,2014,18,6,1076164,910823,93.5,A,85,75,,A,Neil King (212) 984-8352 (p),,Tribeca
1006010047,"120 Leroy St, New York, NY 10014",Centaur Properties,Newmark,2018,9,9,118000,118000,97.9,D,18,,53,B,,,West Village
1006020068,"435 Hudson St, New York, NY 10014",Hines,Hudson Square Properties,2017,9,26,245330,232530,100,C,50,77,,B,,LEED Gold,Tribeca
1006090007,"154 W 14th St, New York, NY 10011",Abner Properties,Koeppel Rosen,2016,12,13,140044,134044,72.5,A,90,,89,C,Max Koeppel (212) 249-1855 (p),,Greenwich Village
1006450029,"416 W 13th St, New York, NY 10014",Greenway Mews Realty,Avison Young,2014,3,14,144000,122400,56,B,78,,72,A,Joseph Gervino (212) 858-0798 (p),,Greenwich Village
1006460001,"40 10 Ave, New York, NY 10034",Aurora Capital Associates,Aurora Capital Associates,2017,12,9,158847,100809,100,D,14,,52,A,Jake Bank (212) 789-7117 (p),,West Village
1006460019,"860 Washington St, New York, NY 10014",Meadow Partners,CBRE,2011,10,8,122098,106239,88.4,D,48,62,,A,Paul Amrich (212) 984-8122 (p),,West Village
1006460027,"428 W 14th St, New York, NY 10014",Rockpoint,CBRE,2017,5,49,53658,43152,91.5,D,39,,68,B,Neil King (212) 984-8352 (p),,West Village
1006720001,"601 W 26th St, New York, NY 10001",Blackstone,CBRE,2023,19,264,1925012,1814700,57.4,A,89,86,,B,Evan Haskell (212) 984-8049 (p),,Chelsea-Hudson Yards
1006980001,"244 11 Ave, New York, NY 10001",Vornado Realty Trust,Vornado Realty Trust,1983,7,1,174186,131268.05,100,A,9,,39,B,,,Chelsea-Hudson Yards
1007120029,"47 9 Ave, New York, NY 10011","Tavros Capital Partners, Arel",Newmark,2024,4,10,62199,36092,17.9,D,20,,60,A,Howard Hersch (212) 655-0626 (p),,Chelsea-Hudson Yards
1007130001,"75 9 Ave, New York, NY 10011",Google,Newmark,2015,8,167,1100533,901426,100,N (exempt),30,75,,B,,Energy Star; LEED Gold,Chelsea
1007280060,"442 W 31st St, New York, NY 10001",450 West 31st Ownrscp,CBRE,2016,12,15,119996,112146,90.5,A,92,85,,B,Patrick Moroney (212) 984-6597 (p),,Chelsea-Hudson Yards
1007390001,"111 8 Ave, New York, NY 10011",Google,CBRE,2019,17,133,2161994,1595459,100,N (exempt),30,,49,A,Kenneth Rapp (212) 984-7171 (p),,Chelsea
1007570054,"330 W 34th St, New York, NY 10001",Vornado Realty Trust,Vornado Realty Trust,2014,18,1,618653,549494.4,100,A,86,,79,A,Josh Glick (212) 894-7413 (p),,Chelsea-Hudson Yards
1007580082,"440 9 Ave, New York, NY 10001",SL Green Realty,CBRE,1999,18,33,384610,327596,96.2,A,86,,77,A,,,Chelsea-Hudson Yards
1007590045,"519 8 Ave, New York, NY 10018",Kaufman Organization,Kaufman Organization,2007,25,35,330291,306591,75.7,A,86,,79,B,Sam Stein (212) 471-4317 (p),,Chelsea-Hudson Yards
1007600032,"307 W 36th St, New York, NY 10018",GFP Real Estate,GFP Real Estate,2019,18,20,232458,205254,90.2,A,85,,80,B,,,Garment District
1007600055,"320 W 37th St, New York, NY 10018",Sioni Group,LSL Advisors,1989,15,1,109885,92000,100,A,90,,82,B,Daniel Lolai (212) 278-8071 (p),,Chelsea-Hudson Yards
1007610033,"545 8 Ave, New York, NY 10018",Global Holdings Management,Global Holdings Management,1986,23,58,169596,164478,91.9,A,91,,88,B,Alexander Radmin (347) 745-8251 (p),,Chelsea-Hudson Yards
1007620033,"575 8 Ave, New York, NY 10018",Olmstead Properties,Olmstead Properties,2009,23,41,224400,197400,88.5,B,73,,83,B,Daniel Breiman (212) 564-4115 (p),,Chelsea
1007620050,"318 W 39th St, New York, NY 10018",GFP Real Estate,GFP Real Estate,2015,12,12,156508,152946,88.1,A,91,,87,B,,,Garment District
1007630024,"315 W 39th St, New York, NY 10018",Handler Real Estate Services,Handler Real Estate Services,2008,16,137,132684,117821,98.6,B,85,,80,B,Darell Handler (646) 597-6171 (p),,Garment District
1007660061,"230 W 17th St, New York, NY 10011",Carnegie Hill Properties,Cushman & Wakefield,1999,8,8,53168,53168,62.7,F,100,,98,B,Stephen Riker (212) 318-9797 (p),,Chelsea
1007760059,"236 W 27th St, New York, NY 10001",Rosen Equities,Koeppel Rosen,2001,15,1,94331,80181.35,100,B,74,,88,C,Max Koeppel (212) 249-1855 (p),,Midtown South-Flatiron-Union Square
1007780020,"239 W 28th St, New York, NY 10001",Lexin,Lexin,2021,12,10,156500,137500,62.9,A,89,,87,B,Aaron Marcus (212) 750-3049 (p),,Midtown South-Flatiron-Union Square
1007780036,"322-326 7Th Ave, New York, NY 10001",GFP Real Estate,GFP Real Estate,2020,12,1,87620,74477,100,C,55,,67,B,Allen Gurevich (212) 609-7141 (p),,East Village
1007780043,"330 7 Ave, New York, NY 10001",GFP Real Estate,GFP Real Estate,2004,21,1,217084,217084,100,B,71,55,,B,Alphie Toro (212) 372-2183 (p),,Garment District
1007790013,"241 W 29th St, New York, NY 10001",Rosen Equities,Koeppel Rosen,1991,17,27,106960,87500,57.8,B,82,,83,C,Max Koeppel (212) 249-1855 (p),,Midtown South-Flatiron-Union Square
1007790017,"231 W 29th St, New York, NY 10001",Kaufman Organization,Kaufman Organization,1992,15,14,144323,135323,98.6,N (exempt),75,90,,C,Sam Stein (212) 471-4317 (p),,Garment District
1007790041,"352 7 Ave, New York, NY 10001",AM Property Holding,Newmark,1989,16,19,127488,121004,90.3,D,52,,63,B,JD Cohen (212) 850-5476 (p),,Midtown South-Flatiron-Union Square
1007790057,"224 W 30th St, New York, NY 10001",Starpointe Management,Okada & Company,1989,14,65,142801,132801,90,A,94,,96,B,Hiro Iwata (212) 244-4240 (p),,Midtown South-Flatiron-Union Square
1007790075,"400 8 Ave, New York, NY 10001",Himmel + Meringoff,Himmel + Meringoff,2020,8,1,75876,70506,100,D,59,53,,B,Adam Weissleder (212) 337-7763 (p),,Midtown South-Flatiron-Union Square
1007800010,"251 W 30th St, New York, NY 10001",Justin Towers,Resolution Real Estate,2017,16,38,104199,81972,88.1,A,86,,83,B,,,Midtown South-Flatiron-Union Square
1007800013,"247 W 30th St, New York, NY 10001",SYU Properties,Okada & Company,1988,16,20,64625,50747,96,B,83,85,,B,Thomas Capuano (212) 244-4240 (p),,Midtown South-Flatiron-Union Square
1007800036,"370 7 Ave, New York, NY 10001",Brookfield,Brookfield,2022,17,1,416321,282525.55,100,N (exempt),60,,64,A,,Energy Star; LEED Gold,Midtown South-Flatiron-Union Square
1007800071,"254 W 31st St, New York, NY 10001",Winoker Realty,Lee & Associates,2023,15,15,65977,59013,100,C,67,,79,B,Todd Korren (212) 776-1283 (p),,Garment District
1007830070,"250 W 34th St, New York, NY 10119",Vornado Realty Trust,Vornado Realty Trust,2023,57,451,2336771,2155372,84.5,C,65,,70,B,,,Midtown South-Flatiron-Union Square
1007840041,"450 7 Ave, New York, NY 10123",Kaufman Organization,Kaufman Organization,1987,46,252,491253,491253,95.5,A,88,,79,B,Sam Stein (212) 471-4317 (p),,Midtown-Times Square
1007840051,"212 W 35th St, New York, NY 10001",Kaufman Organization,Kaufman Organization,1965,16,18,84768,84768,86.7,A,96,,100,C,Sam Stein (212) 471-4317 (p),,Midtown-Times Square
1007840060,"224 W 35th St, New York, NY 10101",Gatsby,Bullaro Properties Realty Services,2017,17,1,156320,121930.8,100,A,89,,100,C,James Bullaro (917) 270-8360 (p),,Midtown-Times Square
1007840064,"240 W 35th St, New York, NY 10001",MetLife,Lee & Associates,2009,17,35,165258,116233,52.8,F,79,,80,B,Todd Korren (212) 776-1283 (p),,Midtown-Times Square
1007850037,"462 7 Ave, New York, NY 10018",Kaufman Organization,Kaufman Organization,2015,23,24,189734,189734,95.3,A,88,,85,B,Michael Heaner (212) 471-4310 (p),,Midtown-Times Square
1007850041,"470 7 Ave, New York, NY 10018",Kaufman Organization,Kaufman Organization,2002,12,10,84575,77809,100,C,66,,86,C,Michael Heaner (212) 471-4310 (p),,Midtown-Times Square
1007850067,"242 W 36th St, New York, NY 10018",Kaufman Organization,Kaufman Organization,1962,13,37,152667,142667,66.7,A,91,,89,C,Grant Greenspan (212) 471-4340 (p),,Midtown-Times Square
1007860013,"255 W 36th St, New York, NY 10018",Triangle Assets,Triangle Assets,2017,14,15,120459,112418,92,N (exempt),60,90,,B,Benjamin Stavrach (212) 398-1214 (p),,Midtown-Times Square
1007860023,"229 W 36th St, New York, NY 10018",Empire State Realty Trust,Lee & Associates,2008,12,29,130000,110500,53.7,A,86,,86,B,Todd Korren (212) 776-1283 (p),,Midtown-Times Square
1007860051,"498 7 Ave, New York, NY 10018",Vornado Realty Trust,George Comfort & Sons,2010,24,1,936037,724637,100,A,87,90,,A,Andrew Conrad (212) 542-2101 (p),,Midtown-Times Square
1007860068,"240 W 37th St, New York, NY 10018",Sioni Group,LSL Advisors,1929,10,42,145720,118016,94.3,A,86,,87,B,Daniel Lolai (212) 278-8071 (p),,Midtown-Times Square
1007870020,"241 W 37th St, New York, NY 10018",Chetrit Group,Sido New York,1985,12,1,93948,74631.7,100,A,95,85,,B,John Akleh (917) 660-4162 (p),Energy Star,Midtown-Times Square
1007870040,"500 7 Ave, New York, NY 10018",Moinian Group,Cushman & Wakefield,2000,17,1,606000,587078,100,B,70,,73,B,Garett Varricchio (212) 841-5056 (p),,Garment District
1007870044,"512 7 Ave, New York, NY 10018",Moinian Group,Cushman & Wakefield,2000,45,1,553748,470685.8,100,B,71,,72,B,Garett Varricchio (212) 841-5056 (p),,Garment District
1007870072,"256 W 38th St, New York, NY 10018",Empire State Realty Trust,Lee & Associates,2014,14,18,96736,88736,54,A,91,,94,B,Benjamin Blumenthal (212) 947-7120 (p),,Midtown-Times Square
1007880004,"580 8 Ave, New York, NY 10018",Miriam Ungar,Olmstead Properties,1964,20,27,75115,65649,43.7,N (exempt),85,,85,C,Steven Marvin (212) 564-2141 (p),,Midtown-Times Square
1007880049,"530 7 Ave, New York, NY 10018",Savitt Partners,Savitt Partners,2017,30,1,340000,346910.5,100,A,93,,86,B,Nicole Goetz (212) 452-6053 (p),,Midtown-Times Square
1007880073,"250 W 39th St, New York, NY 10018",Lincoln Property,Newmark,2007,17,45,181921,176921,88.9,A,99,,100,B,JD Cohen (212) 850-5476 (p),,Garment District
1007890014,"251 W 39th St, New York, NY 10018",Miriam Ungar,Olmstead Properties,2010,17,23,117554,81725,87.4,A,98,,91,B,Steven Marvin (212) 564-2141 (p),,Garment District
1007890021,"231 W 39th St, New York, NY 10018",Schur Management Company,Adams & Company,1989,12,84,218558,198558,83.1,A,93,,88,B,Jeff Buslik (917) 326-5532 (p),LEED Gold,Garment District
1007890036,"550 7 Ave, New York, NY 10018",Adler Group,Kaufman Organization,2017,23,30,225981,214981,93.8,B,79,,78,B,Michael Heaner (212) 471-4310 (p),,Midtown-Times Square
1007890052,"218 W 40th St, New York, NY 10018",Block Buildings,Savitt Partners,1985,12,35,166315,127486,72.9,A,96,,94,B,,,Midtown-Times Square
1007890062,"240 W 40th St, New York, NY 10018",Sioni Group,LSL Advisors,2004,12,1,145773,128099,100,B,72,85,,B,Daniel Lolai (212) 278-8071 (p),,Midtown-Times Square
1007940017,"135 W 18th St, New York, NY 10011",P.J. Mechanical,Newmark,1989,5,12,52500,44625,19.5,B,72,,84,B,Alexander Kesseler (212) 372-0766 (p),LEED Gold,Chelsea-Hudson Yards
1007940030,"615 Ave Of The Americas, New York, NY 10011",RXR Realty,RXR Property Management,1987,5,1,134235,127523.25,100,N (exempt),26,,48,B,,,Chelsea-Hudson Yards
1007950028,"111 W 19th St, New York, NY 10011",Kaufman Organization,Kaufman Organization,2015,8,8,165513,125013,100,C,63,,77,C,Michael Heaner (212) 471-4310 (p),,Chelsea-Hudson Yards
1007950037,"635 Ave Of The Americas, New York, NY 10011",Spear Street,CBRE,2015,8,17,76651,65153.35,78.3,D,33,,66,B,Paul Amrich (212) 984-8122 (p),,Chelsea-Hudson Yards
1007950044,"641 Ave Of The Americas, New York, NY 10011",Spear Street,CBRE,1987,8,20,173891,127402.25,74.3,B,70,54,,A,Paul Amrich (212) 984-8122 (p),,Chelsea-Hudson Yards
1007990012,"155 W 23rd St, New York, NY 10011",MC Real Estate Partners,Kaufman Organization,2017,12,6,68940,64386,100,A,90,,86,B,Jared Sternberg (212) 471-4352 (p),,Chelsea
1007990028,"119 W 23rd St, New York, NY 10011",Stellar Management,JBA Commercial,1989,10,1,98800,94400,100,B,71,64,,C,Jonathan Bernstein (212) 366-4832 (p),,Chelsea-Hudson Yards
1008000025,"119 W 24th St, New York, NY 10011",China Orient Asset Management Corporation,Kaufman Organization,2017,12,1,130876,130876,100,C,66,,80,B,Grant Greenspan (212) 471-4340 (p),LEED Gold,Chelsea-Hudson Yards
1008000065,"150 W 25th St, New York, NY 10001",Dezer Properties,Dezer Properties,1983,12,8,66528,60984,77,A,96,,98,C,Richard Angel (212) 929-1285 (p),,Chelsea
1008010001,"275 7 Ave, New York, NY 10001",Vornado Realty Trust,CBRE,1985,27,50,548680,371788,73.7,B,69,75,,B,Ross Zimbalist (212) 984-8162 (p),,Garment District
1008010024,"119 W 25th St, New York, NY 10001",AFIAA,Cushman & Wakefield,2016,12,13,128947,113062,100,B,75,,73,B,Harley Dalton (212) 589-5106 (p),,Chelsea
1008010055,"122 W 26th St, New York, NY 10001",Dezer Properties,Dezer Properties,2013,12,19,75888,64856,100,A,94,,96,B,,,Chelsea
1008020008,"151 W 26th St, New York, NY 10001",Abner Properties,Koeppel Rosen,1989,12,24,179131,171919,67.4,B,70,,78,C,Max Koeppel (212) 249-1855 (p),,Chelsea
1008020056,"122 W 27th St, New York, NY 10001",Rosen Equities,Koeppel Rosen,1996,12,19,117291,109291,36.8,A,87,,89,C,Max Koeppel (212) 249-1855 (p),,Midtown South-Flatiron-Union Square
1008020075,"158 W 27th St, New York, NY 10001",AFIAA,Cushman & Wakefield,2012,12,14,108000,89764.488,100,A,90,88,,B,,,Midtown South-Flatiron-Union Square
1008030021,"121 W 27th St, New York, NY 10001",Mehra Properties,Okada & Company,2015,12,57,118785,104629,97.8,B,80,,80,B,Avery Reavill (212) 244-4240 (p),,Midtown South-Flatiron-Union Square
1008030067,"150 W 28th St, New York, NY 10001",Dezer Properties,Dezer Properties,2002,18,76,123557,111615,93.3,A,93,,90,C,Richard Angel (212) 929-1285 (p),,Chelsea
1008040001,"319 7 Ave, New York, NY 10001",Vornado Realty Trust,CBRE,1980,21,29,410334,106800,51.1,C,67,75,,A,Anthony Dattoma (212) 984-7101 (p),,Garment District
1008040011,"145 W 28th St, New York, NY 10001",Dezer Properties,Living New York,2011,12,18,57906,53406,100,A,86,,86,B,Christel Engel (917) 696-3532 (p),,Chelsea
1008040044,"104 W 29th St, New York, NY 10001",Samco Properties,Newmark,2003,12,12,130060,114079,100,A,90,,90,B,Brett Harvey (212) 372-2099 (p),,Midtown South-Flatiron-Union Square
1008050003,"345 7 Ave, New York, NY 10001",Katan Realty Group,Okada & Company,2020,25,72,190325,183366,49.3,A,97,,92,A,Ralph Giordano (212) 244-4240 (p),,Midtown South-Flatiron-Union Square
1008050019,"135 W 29th St, New York, NY 10001",Kaufman Organization,Kaufman Organization,2000,12,45,70862,70222,79.8,A,95,90,,B,Grant Greenspan (212) 471-4340 (p),,Midtown South-Flatiron-Union Square
1008060009,"145 W 30th St, New York, NY 10001",Feil Organization,Feil Organization,2001,12,1,98598,74397.1,100,N (exempt),92,,90,B,Kyle Young (212) 609-8658 (p),,Midtown South-Flatiron-Union Square
1008070001,"393 7 Ave, New York, NY 10001",Vornado Realty Trust,Vornado Realty Trust,2010,26,78,1132632,1073917.209,85.3,B,75,,61,A,,,Garment District
1008070039,"875 Ave Of The Americas, New York, NY 10001",Kaufman Organization,Kaufman Organization,2008,25,47,214349,182196.65,76.7,N (exempt),83,,81,B,Grant Greenspan (212) 471-4340 (p),,Bryant Park
1008080040,"100 W 33rd St, New York, NY 10001",Vornado Realty Trust,Vornado Realty Trust,2016,12,82,1123365,766718,100,A,92,,86,B,Jared Silverman (212) 894-7458 (p),,Midtown South-Flatiron-Union Square
1008110021,1333 BROADWAY,Empire State Realty Trust,Cushman & Wakefield,2013,12,120,313294,153018,91.8,B,27,,41,B,Anthony LoPresti (212) 841-7500 (p),,Midtown
1008110031,"1350 Broadway, New York, NY 10018",Empire State Realty Trust,Cushman & Wakefield,2008,24,111,386786,342926,97.8,A,86,85,,A,Robert Lowe (212) 841-5974 (p),,Financial District
1008110051,"132 W 36th St, New York, NY 10018",Kaufman Organization,Kaufman Organization,2019,12,35,187350,168050,100,A,93,,90,B,,,Midtown-Times Square
1008110056,"142 W 36th St, New York, NY 10018",ADAM Asset Management,Cushman & Wakefield,2013,16,23,101203,88203,87.5,A,94,78,,B,,,Midtown-Times Square
1008120006,"491 7 Ave, New York, NY 10018",Block Buildings,Savitt Partners,2014,25,1,182000,180000,100,A,91,,88,B,Elliot Zelinger (212) 452-6078 (p),,Midtown-Times Square
1008120069,"148 W 37th St, New York, NY 10018",Adams & Company,Adams & Company,2017,14,29,93846,87846,100,A,94,,94,B,Jeff Buslik (917) 326-5532 (p),,Garment District
1008130055,"1385 Broadway, New York, NY 10018",Columbia University,Savitt Partners,2019,23,303,499340,422642,95.3,A,90,,82,B,Nicole Goetz (212) 452-6053 (p),,Midtown-Times Square
1008140046,"108 W 39th St, New York, NY 10018",Joseph P. Day,Joseph P. Day,2018,16,97,118949,111449,74.6,A,91,,85,B,Michael Kaufman (212) 563-3000 info@kaufmanorganization.com,,Midtown-Times Square
1008150001,"1411 Broadway, New York, NY 10018",La Caisse,CBRE,2016,42,1,1088074,924862.9,100,B,79,60,,A,Paul Amrich (212) 984-8122 (p),,Financial District
1008150014,"1412 Broadway, New York, NY 10018",ABS Partners,Okada & Company,2014,24,79,361767,361767,81.2,A,88,85,,B,Thomas Capuano (212) 244-4240 (p),,Midtown-Times Square
1008150046,"1430 Broadway, New York, NY 10018",Steinberg,Newmark,2019,22,1,364000,309400,100,C,59,,73,B,Kenneth Kronstadt (646) 441-3837 (p),,Midtown-Times Square
1008160037,"84 5 Ave, New York, NY 10011",Vornado Realty Trust,Vornado Realty Trust,2014,11,4,139895,125508,99.1,B,84,,81,A,Alexandra Bedell (212) 894-7407 (p),LEED Gold,Midtown South-Flatiron-Union Square
1008190010,"47 W 17th St, New York, NY 10011",Argo Real Estate,Okada & Company,2017,12,42,204970,152308.1,73.9,A,91,,87,B,Christopher Okada (212) 244-4240 (p),,Midtown South-Flatiron-Union Square
1008190037,"118 5 Ave, New York, NY 10011",Century Link,Newmark,1987,11,7,70800,60257,82.1,B,72,,89,B,Robert Silver (212) 372-2005 (p),,Midtown South-Flatiron-Union Square
1008190039,"122 5Th Ave, New York, NY 10011",Bromley Companies,Newmark,2022,11,4,244069,150954,90.5,A,94,,84,A,David Falk (212) 372-2271 (p),,Midtown South-Flatiron-Union Square
1008190056,"18 W 18th St, New York, NY 10011",C.A. White,CBRE,2018,11,37,180000,157500,65.9,A,99,,98,B,Paul Amrich (212) 984-8122 (p),,Midtown South-Flatiron-Union Square
1008200026,"23 W 18th St, New York, NY 10011",Kaufman Organization,Alfa Development Management,2018,11,20,191400,165500,100,A,98,,98,B,Matthew Namer (212) 206-7820 (p),,Midtown South-Flatiron-Union Square
1008200038,"130 5 Ave, New York, NY 10011",Hampton Management Co,Newmark,1983,11,11,120000,104140,100,B,84,,79,A,Eric Cagner (212) 372-2279 (p),,Bryant Park
1008210014,"39 W 19th St, New York, NY 10011",Abner Properties,Koeppel Rosen,2019,12,15,107152,99614,76.1,N (exempt),32,,64,C,Max Koeppel (212) 249-1855 (p),,Chelsea
1008210032,"11 W 19th St, New York, NY 10011",Block Buildings,Savitt Partners,1987,11,19,284180,207320,100,A,86,70,,B,Robert Savitt (212) 452-6040 (p),,Midtown South-Flatiron-Union Square
1008210041,"148 5 Ave, New York, NY 10011",Sovereign Partners,Newmark,2019,11,25,187536,168259,97.7,A,87,,84,A,Gary Alterman (212) 916-3367 (p),,Bryant Park
1008210055,"18 W 20th St, New York, NY 10011",Dezer Properties,Dezer Properties,1997,11,56,93722,86622,92.4,A,94,,100,C,Richard Angel (212) 929-1285 (p),,Chelsea
1008220015,"27 W 20th St, New York, NY 10011",Dezer Properties,Dezer Properties,2016,12,62,100800,92400,86,A,96,,98,B,Richard Angel (212) 929-1285 (p),,Chelsea
1008220031,"154 5 Ave, New York, NY 10118",Hines,Hines,1979,13.5,52,159009,159009,100,B,76,85,,B,,,Midtown South-Flatiron-Union Square
1008220049,"12 W 21st St, New York, NY 10010",Himmel + Meringoff,Himmel + Meringoff,2012,12,12,58900,50000,100,C,87,,85,B,Adam Weissleder (212) 337-7763 (p),,Chelsea
1008220052,"18 W 21st St, New York, NY 10010",Kaufman Organization,Rice,1993,11,12,45873,45873,90.6,B,74,,87,C,Douglas Rice (212) 253-8703 (p),,Midtown South-Flatiron-Union Square
1008220070,"54 W 21st St, New York, NY 10010",Olmstead Properties,Olmstead Properties,1985,12,51,142532,132635,88.4,A,92,,86,B,Daniel Breiman (212) 564-4115 (p),,Chelsea
1008230024,"19 W 21st St, New York, NY 10010",Mehra Properties,Okada & Company,2020,12,49,118948,103384,100,A,95,,89,B,Avery Reavill (212) 244-4240 (p),,Midtown South-Flatiron-Union Square
1008230029,"15 W 21st St, New York, NY 10010",Himmel + Meringoff,JLL,1989,12,17,137007,117007,86.3,B,93,,94,B,Harrison Potter (212) 812-6558 (p),,Chelsea
1008240028,"40 W 23rd St, New York, NY 10010",Williams Equities,Colliers,2012,12,23,499228,353202,100,N (exempt),77,,72,B,Mac Roos (212) 716-3827 (p),,Midtown South-Flatiron-Union Square
1008240032,"3 W 22nd St, New York, NY 10010",Greystone,Current Real Estate Advisors,2013,10,18,81527,80999,63.2,A,94,,94,B,Thomas Mahl (917) 576-9509 (p),,Midtown South-Flatiron-Union Square
1008250012,"49 W 23rd St, New York, NY 10010",Jack Resnick & Sons,Adams & Company,2010,12,64,337000,289619,98.3,A,95,,89,B,Alan Bonett (917) 326-5533 (p),,Chelsea
1008260026,"19 W 24th St, New York, NY 10010",Kaufman Organization,Kaufman Organization,2016,12,13,51659,47659,100,D,32,,60,B,Michael Heaner (212) 471-4310 (p),,Midtown South-Flatiron-Union Square
1008260046,"1115 Broadway, New York, NY 10010",Adams & Company,Kew Management,2012,12,50,294000,241749,96.8,A,95,,91,B,Jonathan Cohen (212) 255-3346 (p),,Midtown South-Flatiron-Union Square
1008260057,"24 W 25th St, New York, NY 10010",Savanna Real Estate Fund,Cushman & Wakefield,2019,12,28,114806,105128,87.7,A,93,100,,B,Theodora Livadiotis (212) 841-7648 (p),,Midtown South-Flatiron-Union Square
1008260065,"40 W 25th St, New York, NY 10010",Kaufman Organization,Kaufman Organization,2012,12,1,128965,124242,100,A,95,,90,B,Michael Kaufman (212) 471-4320 (p),,Midtown South-Flatiron-Union Square
1008260069,"48 W 25th St, New York, NY 10010",Savanna Real Estate Fund,Cushman & Wakefield,1985,12,13,107473,90718,92.2,A,94,85,,B,Ethan Silverstein (212) 698-2694 (p),,Midtown South-Flatiron-Union Square
1008280009,"37 W 26th St, New York, NY 10010",Windsor Management,Windsor Management,1986,12,25,112259,93418,92.1,A,86,,90,B,Matthew Kiamie (212) 213-2112 (p),LEED Gold,Midtown South-Flatiron-Union Square
1008280033,"1140 Broadway, New York, NY 10001",Williams Equities,Colliers,1989,16,63,140906,114730,93.1,A,89,,87,B,Michael Joseph (212) 716-3593 (p),,Midtown South-Flatiron-Union Square
1008290011,"45 W 27th St, New York, NY 10001",Kaufman Organization,Kaufman Organization,2016,12,12,54238,50238,74.4,D,33,,59,B,Michael Heaner (212) 471-4310 (p),,Midtown South-Flatiron-Union Square
1008290016,"31 W 27th St, New York, NY 10001",Savanna Real Estate Fund,CBRE,2019,12,15,106799,96800,79.4,N (exempt),80,85,,A,Paul Amrich (212) 984-8122 (p),,Midtown South-Flatiron-Union Square
1008290032,"13 W 27th St, New York, NY 10001",Kaufman Organization,Kaufman Organization,2015,11,11,50234,45668,91,D,43,,66,B,Michael Heaner (212) 471-4310 (p),,Midtown South-Flatiron-Union Square
1008290036,"236 5 Ave, New York, NY 10001",Kaufman Organization,Kaufman Organization,1989,11,11,65247,59247,83.5,D,19,,67,C,,,Bryant Park
1008290068,"44 W 28th St, New York, NY 10001",Stellar Management,CBRE,1990,16,13,141830,132830,93.7,A,89,77,,B,Jacob Rosenthal (212) 984-8009 (p),,Midtown South-Flatiron-Union Square
1008300062,"1195 Broadway, New York, NY 10001",Williams Equities,Colliers,2019,10,81,110000,85360,94,A,92,,88,B,Michael Joseph (212) 716-3593 (p),Energy Star,Midtown South-Flatiron-Union Square
1008320001,"856 Ave Of The Americas, New York, NY 10001",Durst Organization,Durst Organization,2008,16,154,187973,166523,100,F,96,,91,A,Rocco Romeo (212) 257-6630 (p),,Bryant Park
1008320017,"1241 Broadway, New York, NY 10001",Corem Property Group,CBRE,2020,22,25,188884,138119.9,68.2,B,83,,80,A,Paul Amrich (212) 984-8122 (p),,Midtown South-Flatiron-Union Square
1008330006,"1255 Broadway, New York, NY 10001",Olmstead Properties,JLL,1987,11,54,120882,109693,97,B,76,,69,A,Paul Glickman (212) 418-2646 (p),,Midtown South-Flatiron-Union Square
1008330011,"1240 Broadway, New York, NY 10001",Vornado Realty Trust,Nomad Group,2014,39,55,706740,570525,82.9,A,94,,83,A,Matthew DeRose (646) 771-6926 (p),,Midtown South-Flatiron-Union Square
1008330038,"302 5 Ave, New York, NY 10016",Meadow Partners,CBRE,2023,14,18,75700,73912,51.1,A,86,,77,A,Peter Turchin (212) 984-8364 (p),,Midtown South-Flatiron-Union Square
1008340019,"39 W 32nd St, New York, NY 10001",Adams & Company,Adams & Company,2005,17,59,61745,58302,91.1,A,85,,88,C,Brett Maslin (917) 326-5530 (p),,Midtown South-Flatiron-Union Square
1008340049,"4 W 33rd St, New York, NY 10001",Adams & Company,Adams & Company,2002,12,133,319200,294200,97.1,B,72,,83,B,David Levy (917) 326-5500 (p),,Garment District
1008360007,"43 W 34th St, New York, NY 10001",GFP Real Estate,Resolution Real Estate,2008,12,1,89582,76144.7,100,C,58,,71,B,Jeffrey Zund (212) 519-2032 (p),,Midtown South-Flatiron-Union Square
1008360026,"7 W 34th St, New York, NY 10001",Vornado Realty Trust,Vornado Realty Trust,2017,12,81,443631,379621,99.6,A,88,,78,B,Jared Silverman (212) 894-7458 (p),,Midtown South-Flatiron-Union Square
1008360033,"1 W 34th St, New York, NY 10001",BLDG Management Co.,CBRE,1989,12,41,62853,50250,74.9,B,71,,81,B,Paul Walker (212) 984-7117 (p),,Midtown South-Flatiron-Union Square
1008360035,"358 5 Ave, New York, NY 10001",Crown Acquisitions,CBRE,1986,13,33,148709,115234.5,77.5,B,78,,78,B,Paul Walker (212) 984-7117 (p),,Midtown South-Flatiron-Union Square
1008360043,"366 5 Ave, New York, NY 10001",Joseph P. Day,Colliers,2016,12,73,154340,141478,79.2,A,100,,94,B,Michael Joseph (212) 716-3593 (p),,Midtown South-Flatiron-Union Square
1008370023,"29 W 35th St, New York, NY 10001",LNR Partners,Colliers,2012,12,19,71180,60503,16.5,B,49,,76,B,Kyle Berlinsky (212) 716-3650 (p),,Midtown-Times Square
1008370036,"3 W 35th St, New York, NY 10018",R F S C,CBRE,1989,12,11,87301,80601,90.7,C,66,,79,B,Paul Walker (212) 984-7117 (p),,Midtown-Times Square
1008370056,"16 W 36th St, New York, NY 10018",Kiamie Industries,Resolution Real Estate,1985,13,12,59367,55367,92,B,73,,82,B,,,Midtown-Times Square
1008370058,"20 W 36th St, New York, NY 10018",Rosen Equities,Koeppel Rosen,1986,12,18,71534,71534,95.9,B,70,,89,C,Max Koeppel (212) 249-1855 (p),,Midtown-Times Square
1008380008,"63 W 36th St, New York, NY 10018",Sioni Group,LSL Advisors,2002,12,1,58825,45443.55,100,B,79,,83,B,David Lolai (212) 564-0245 (p),,Midtown-Times Square
1008380012,"53 W 36th St, New York, NY 10018",Fatollah Hematian,LSL Advisors,2015,12,17,75754,57600,85.7,C,66,,84,B,Daniel Lolai (212) 278-8071 (p),,Midtown-Times Square
1008380015,"43 W 36th St, New York, NY 10018",Samco Properties,Newmark,2025,12,13,108875,99875,90.4,A,96,,95,B,,,Midtown-Times Square
1008380048,"402 5 Ave, New York, NY 10018",NYU,NYU,2015,9,12,83288,68278,88.3,B,80,,75,B,,,Midtown-Times Square
1008380062,"20 W 37th St, New York, NY 10018",Northern Estates,Resolution Real Estate,2017,12,18,75509,59245.85,79.4,A,93,,89,B,,,Midtown-Times Square
1008380076,"48 W 37th St, New York, NY 10018",Adams & Company,Adams & Company,2018,18,28,130625,122068,100,N (exempt),78,,81,B,,,Garment District
1008390009,"49 W 37th St, New York, NY 10018",Samco Properties,Newmark,1982,18,19,155943,131898,84.4,A,87,,88,B,,,Midtown-Times Square
1008390019,"35 W 37th St, New York, NY 10018",Abner Properties,ASM Realty Group,1989,12,13,57698,47698,100,A,93,,94,B,Alan Mandelbaum (212) 695-4363 (p),,Garment District
1008390070,"42 W 38th St, New York, NY 10018",Elo Realty,Okada & Company,1989,12,40,66577,61077,91.1,A,89,,100,B,Ken Lerner (212) 244-4240 (p),,Garment District
1008400023,"29 W 38th St, New York, NY 10018",ABS Partners,ABS Partners,2012,17,1,109172,88739,100,A,72,61,,B,Ben Waller (212) 400-9515 (p),,Garment District
1008400028,"21 W 38th St, New York, NY 10018",Brause Realty,Lee & Associates,1979,17,19,65240,59899,88.4,B,95,,96,B,Woody King (212) 776-4352 (p),,Garment District
1008400031,"15 W 38th St, New York, NY 10018",Abner Properties,Okada & Company,2024,12,17,60449,60049,72.6,N (exempt),41,,66,B,Alex Fleischman (212) 244-4240 (p),LEED Platinum,Midtown-Times Square
1008400058,"16 W 39th St, New York, NY 10018",Behrooz Hedvat,Lee & Associates,2014,12,20,51273,36023,2.9,A,97,,99,B,Catherine O'Toole (212) 961-6252 (p),,Midtown-Times Square
1008400071,"42 W 39th St, New York, NY 10018",Adams & Company,Adams & Company,1979,19,30,157748,148918,88.9,B,80,,87,C,David Levy (917) 326-5500 (p),,Garment District
1008410018,"35 W 39th St, New York, NY 10018",Winoker Realty,Resolution Real Estate,1989,12,43,51000,46200,84.3,B,74,,83,B,,,Garment District
1008410031,"1 W 39th St, New York, NY 10018",Triangle Assets,Triangle Assets,1982,12,1,135332,116534,100,A,100,,100,B,,,Midtown-Times Square
1008410049,"452 5 Ave, New York, NY 10018",Property Group Partners,JLL,2013,29,17,654013,592252,97.9,B,76,,65,A,,,Midtown-Times Square
1008410054,"8 W 40th St, New York, NY 10018",Jack Resnick & Sons,Jack Resnick & Sons,2013,23,1,121758,110907,100,B,77,80,,B,,,Midtown-Times Square
1008420042,"71 5 Ave, New York, NY 10003",Madison International Realty,JLL,2000,11,10,138727,122121,100,B,57,,66,B,Benjamin Bass (212) 812-6026 (p),,Midtown South-Flatiron-Union Square
1008430045,"79 5 Ave, New York, NY 10003",Vornado Realty Trust,Newmark,2016,16,18,272680,256266,88.4,B,70,,72,A,Daniel Levine (212) 372-2319 (p),,Midtown South-Flatiron-Union Square
1008440001,"85 5 Ave, New York, NY 10003",Winoker Realty,Intrepid Real Estate Group,2010,13,13,103022,87408,82.9,A,89,,85,B,David Menaged (646) 859-3074 (p),,Bryant Park
1008440003,"87 5 Ave, New York, NY 10003",Dezer Properties,Kaufman Organization,2015,11,55,57820,52300,100,A,94,,100,B,Jared Sternberg (212) 471-4352 (p),,Bryant Park
1008440042,"91 5 Ave, New York, NY 10003",HRC,Newmark,2012,8,10,51838,32338,100,D,44,85,,B,Eric Cagner (212) 372-2279 (p),,Bryant Park
1008460026,"860 Broadway, New York, NY 10003",Vornado Realty Trust,JLL,1979,6,6,75799,56761,100,B,76,,73,B,Seth Hecht (212) 812-6548 (p),,Financial District
1008470040,"230 Park Ave South, New York, NY 10003",TF Cornerstone,TF Cornerstone,2020,13,20,350000,340127,100,B,75,75,,A,,,Midtown South-Flatiron-Union Square
1008490016,"902 Broadway, New York, NY 10010",Rosen Equities,Koeppel Rosen,1985,20,31,342429,309550,76.6,B,75,,71,B,Max Koeppel (212) 249-1855 (p),,Midtown South-Flatiron-Union Square
1008490031,"45 E 20th St, New York, NY 10003",Abner Properties,Koeppel Rosen,1984,12,16,65600,59694,92.4,A,93,,93,C,Max Koeppel (212) 249-1855 (p),,Flatiron
1008490063,"912 Broadway, New York, NY 10010",ABS Partners,ABS Partners,1982,17,39,98394,86000,100,A,86,,89,B,James Caseley (212) 400-6075 (p),,Midtown South-Flatiron-Union Square
1008500001,"149 5 Ave, New York, NY 10010",Brookfield,Newmark,2013,16,26,173159,173159,100,B,82,,78,A,,,Bryant Park
1008500025,"33 E 21st St, New York, NY 10010",Centaur Properties,Newmark,2012,10,1,100000,85000,100,A,91,,87,B,Brett Harvey (212) 372-2099 (p),,Midtown South-Flatiron-Union Square
1008510041,"304 Park Ave South, New York, NY 10010",SL Green Realty,SL Green Realty,2019,12,52,211732,158815,90.7,B,77,85,,A,,,Midtown South-Flatiron-Union Square
1008550037,"35 Madison Ave, New York, NY 10010",Rudin,Rudin,2018,43,159,562152,518623,92.1,D,39,,52,A,Robert Steinman (212) 407-2490 (p),,Midtown South-Flatiron-Union Square
1008560009,"11 E 26th St, New York, NY 10010",Adams & Company,Newmark,1979,21,35,217991,206991,50.3,B,72,,79,B,William Cohen (212) 372-2233 (p),,Midtown South-Flatiron-Union Square
1008560058,"60 Madison Ave, New York, NY 10010",Moinian Group,CBRE,2017,12.5,60,175428,156333,69.4,B,77,88,,B,Gregg Rothkin (212) 984-8192 (p),,Midtown South-Flatiron-Union Square
1008570024,"63 Madison Ave, New York, NY 10016",George Comfort & Sons,George Comfort & Sons,2020,15,2,786069,600580,77.7,C,64,75,,A,Alexander Bermingham (212) 542-2189 (p),,Midtown South-Flatiron-Union Square
1008570062,"72 Madison Ave, New York, NY 10016",Moinian Group,Newmark,2014,12,1,58500,49725,100,C,64,76,,B,Erik Harris (212) 372-2105 (p),,Midtown South-Flatiron-Union Square
1008580006,"3 E 28th St, New York, NY 10016",Winter Organization,Newmark,2016,12,13,58952,52767,100,B,81,,82,B,Kevin Sullivan (212) 850-5462 (p),,Midtown South-Flatiron-Union Square
1008580022,"79 Madison Ave, New York, NY 10016",Williams Equities,Colliers,2016,16,24,257637,205239,54.7,A,95,,84,B,Michael Berger (212) 716-3643 (p),,Midtown South-Flatiron-Union Square
1008580049,"38 E 29th St, New York, NY 10016",East 29 Associates,Newmark,1986,10,15,60000,52785,44.4,A,85,93,,B,Jared Horowitz (212) 372-2022 (p),,Midtown South-Flatiron-Union Square
1008590015,"102 Madison Ave, New York, NY 10016",A. Ruth,Adams & Company,2015,12,13,108290,100677,89.8,A,91,,88,B,Brad Cohn (917) 326-5537 (p),,Midtown South-Flatiron-Union Square
1008590024,"99 Madison Ave, New York, NY 10016",Windsor Management,Savitt Partners,1986,17,19,120000,112500,100,A,90,,86,B,Elliot Zelinger (212) 452-6078 (p),,Midtown South-Flatiron-Union Square
1008590048,"434 Park Ave South, New York, NY 10016",Samco Properties,Newmark,2016,16,16,160709,136437,83.5,B,82,,79,B,Brett Harvey (212) 372-2099 (p),,Midtown South-Flatiron-Union Square
1008590052,"44 E 30th St, New York, NY 10016",Brookfield,Newmark,2005,13,6,75655,49000,100,C,68,,91,B,Zach Weil (646) 441-3744 (p),,Midtown East
1008590064,"105 Madison Ave, New York, NY 10016",Vornado Realty Trust,Ashtin Group,2005,20.5,23,234970,222970,81.5,A,91,,89,B,Brett Rovner (212) 271-0278 (p),,Midtown South-Flatiron-Union Square
1008590072,"112 Madison Ave, New York, NY 10016",Samco Properties,Newmark,2018,12,11,88560,82060,91.9,B,82,,78,B,Brett Harvey (212) 372-2099 (p),,Midtown South-Flatiron-Union Square
1008600001,"285 5 Ave, New York, NY 10118",Brause Realty,Resolution Real Estate,2019,16,116,614040,533324,100,A,100,,91,B,Jonata Dayan (212) 519-2009 (p),LEED Gold,Midtown South-Flatiron-Union Square
1008600045,"450 Park Ave South, New York, NY 10016",Moinian Group,CBRE,2010,12,41,172831,156338,76.2,A,85,89,,B,Jared London (212) 984-6608 (p),,Midtown South-Flatiron-Union Square
1008610001,"303 5 Ave, New York, NY 10016",Regency Property,Okada & Company,2009,20,171,160454,148454,95.4,B,79,,78,B,Hiro Iwata (212) 244-4240 (p),,Midtown South-Flatiron-Union Square
1008610015,"134 Madison Ave, New York, NY 10016",Williams Equities,Colliers,2012,16,1,272000,229902,100,B,77,,74,B,Mac Roos (212) 716-3827 (p),,Flatiron
1008610022,"135 Madison Ave, New York, NY 10016",Rosen Equities,Koeppel Rosen,2016,12,24,180019,172236,75.8,B,77,,74,B,Max Koeppel (212) 249-1855 (p),,Midtown South-Flatiron-Union Square
1008610047,"44 E 32nd St, New York, NY 10016",Windsor Management,GFP Real Estate,2013,12,13,83623,73623,92.1,A,86,85,,C,Roy Lapidus (212) 372-2170 (p),,Midtown South-Flatiron-Union Square
1008610049,"38 E 32nd St, New York, NY 10016",Williams Equities,Colliers,1990,12,1,85845,80000,100,B,81,,90,C,Mac Roos (212) 716-3827 (p),,Midtown South-Flatiron-Union Square
1008610064,"148 Madison Ave, New York, NY 10016",Winoker Realty,Adams & Company,2013,16,19,71871,71871,88.5,D,71,,85,B,Jeff Buslik (917) 326-5532 (p),,Midtown South-Flatiron-Union Square
1008610072,"6 E 32nd St, New York, NY 10016",Himmel + Meringoff,Himmel + Meringoff,2015,11,13,145500,140750,63.1,A,89,,88,B,Adam Weissleder (212) 337-7763 (p),,Midtown East
1008610075,"315 5 Ave, New York, NY 10016",Gilar Realty,Okada & Company,1995,11,44,56000,56000,96,D,15,,50,B,Hiro Iwata (212) 244-4240 (p),,Midtown South-Flatiron-Union Square
1008620013,"15 E 32nd St, New York, NY 10016",Rian Holding,Resolution Real Estate,2019,12,13,57156,45000,100,C,64,90,,B,Barry Bernstein (212) 519-2014 (p),,Midtown East
1008620026,"31 E 32nd St, New York, NY 10016",Kiamie Industries,Savitt Partners,1986,12,16,53934,48934,92.3,B,84,85,,C,Elliot Zelinger (212) 452-6078 (p),,Midtown South-Flatiron-Union Square
1008620045,"30 E 33rd St, New York, NY 10016",Samco Properties,Newmark,2008,12,10,91554,85054,90.7,B,74,,88,B,Brett Harvey (212) 372-2099 (p),,Midtown East
1008630027,"169 Madison Ave, New York, NY 10016",GFP Real Estate,GFP Real Estate,2017,16,60,113182,106182,80.7,B,81,,81,B,Allen Gurevich (212) 609-7141 (p),,Flatiron
1008630060,"183 Madison Ave, New York, NY 10016",APF Properties,Avison Young,2004,17,94,233484,202484,68.5,A,88,,82,B,John Ryan (212) 729-4971 (p),,Flatiron
1008630067,"178 Madison Ave, New York, NY 10016",Prudential,Newmark,2017,24,1,280956,217564,100,B,82,80,,B,Eric Cagner (212) 372-2279 (p),,Flatiron
1008650014,"200 Madison Ave, New York, NY 10016",George Comfort & Sons,George Comfort & Sons,2012,26,35,659245,563517,71.2,B,73,75,,A,Andrew Conrad (212) 542-2101 (p),,Flatiron
1008660001,"389 5 Ave, New York, NY 10016",Rosen Equities,Koeppel Rosen,2018,12,61,122686,109824,95,C,69,,81,B,Max Koeppel (212) 249-1855 (p),,Bryant Park
1008660076,"397 5 Ave, New York, NY 10016",Hilson Management,Adams & Company,2004,8.5,17,156760,138461,80,C,58,52,,B,Jeff Buslik (917) 326-5532 (p),,Midtown-Times Square
1008680008,"5 E 38th St, New York, NY 10016",Winter Organization,Newmark,1991,12,28,82878,72492,78.2,C,59,,78,C,William Cohen (212) 372-2233 (p),,Midtown-Times Square
1008680016,"260 Madison Ave, New York, NY 10016",Sapir Organization,CBRE,2015,22,26,568459,481414,97.9,A,87,,78,B,,LEED Platinum,Midtown-Times Square
1008680025,"261 Madison Ave, New York, NY 10016",Sapir Organization,CBRE,2013,27,38,396239,325956,100,A,86,,82,A,Jared London (212) 984-6608 (p),,Midtown-Times Square
1008680072,"437 5 Ave, New York, NY 10016",Joseph P. Day,Colliers,1986,11,17,67365,61240,81.9,C,65,,89,C,,,Midtown-Times Square
1008690034,"90 Park Ave, New York, NY 10016",Vornado Realty Trust,Vornado Realty Trust,2014,41,65,868814,855860,97.2,C,67,83,,A,Jared Silverman (212) 894-7458 (p),,Midtown-Times Square
1008690066,"10 E 40th St, New York, NY 10016",Joseph P. Day,Joseph P. Day,2008,48,86,430070,400080,68.2,C,62,,77,C,,,Midtown-Times Square
1008710003,"32 Union Square, New York, NY 10003",GFP Real Estate,GFP Real Estate,2004,12,151,145772,115552,85.5,B,75,,70,B,Barbara Yagoda (212) 372-2168 (p),,Midtown
1008710060,"30 Irving Pl, New York, NY 10003",Samco Properties,Newmark,1989,12,13,102805,96805,90.9,A,92,,87,B,Brett Harvey (212) 372-2099 (p),,Midtown
1008710070,"116 E 16th St, New York, NY 10003",Samco Properties,Newmark,1988,12,12,67625,52405,78.2,C,65,,81,B,Natalie Serio (212) 331-0123 (p),,Gramercy
1008720013,"35 Irving Pl, New York, NY 10003",GFP Real Estate,GFP Real Estate,1967,12,1,349777,288402,100,A,95,90,,B,Alphie Toro (212) 372-2183 (p),,Gramercy
1008730067,"215 Park Ave South, New York, NY 10003",SL Green Realty,SL Green Realty,1982,20,52,333340,275213,89,B,81,75,,B,Gary Rosen (212) 216-1687 (p),,Gramercy
1008760001,"251 Park Ave South, New York, NY 10010",Feil Organization,Feil Organization,2015,16,17,104048,77011,100,A,98,,92,A,,,Gramercy
1008760006,257 PARK AVENUE SOUTH,Feil Organization,Feil Organization,1988,20,1,220736,176148.05,100,N (exempt),55,,65,A,,,Gramercy
1008780065,"120 E 23rd St, New York, NY 10010",Williams Equities,Colliers,2011,12,15,220511,200757,84.7,B,80,,79,B,Michael Berger (212) 716-3643 (p),,Gramercy
1008790081,"315 Park Ave South, New York, NY 10010",Columbia University,Newmark,1986,20,25,356330,298082,79.5,B,72,86,,B,,,Flatiron
1008800014,"121 E 24th St, New York, NY 10010",Adams & Company,Adams & Company,1987,12,18,65000,54694,100,A,95,,94,B,Brad Cohn (917) 326-5537 (p),,Gramercy
1008800084,"104 E 25th St, New York, NY 10010",Williams Equities,Colliers,2005,12,16,130000,97146,100,B,83,,82,B,Michael Berger (212) 716-3643 (p),,Gramercy
1008810001,"351 Park Ave South, New York, NY 10010",M.D. Carlisle Construction,Lee & Associates,1988,12,23,269231,217377,69,B,76,,62,B,Richard Plehn (212) 776-1212 (p),,Gramercy
1008820076,"116 E 27th St, New York, NY 10016",Samco Properties,Newmark,2017,12,1,70217,70217,100,B,81,,80,B,Brett Harvey (212) 372-2099 (p),,Gramercy
1008830088,"401 Park Ave South, New York, NY 10016",Himmel + Meringoff,Himmel + Meringoff,2010,12,19,248566,232000,83,C,53,,62,B,Adam Weissleder (212) 337-7763 (p),,Flatiron
1008860001,"443 Park Ave South, New York, NY 10016",443 Park Avenue South,Koeppel Rosen,2016,11,28,75588,65703,83.6,B,82,,77,B,Max Koeppel (212) 249-1855 (p),,Murray Hill-Kips Bay
1008870095,"471 Park Ave South, New York, NY 10016",Williams Equities,Colliers,2022,34,78,449437,433877,60.6,A,94,,87,A,Mac Roos (212) 716-3827 (p),,Murray Hill-Kips Bay
1009030047,"220 E 23rd St, New York, NY 10010",A. Shalom Realty,JLL,1985,12,77,150355,115291,76,A,91,,86,B,Henry Warner (212) 812-6453 (p),,Gramercy
1009400012,"321 E 34th St, New York, NY 10016",Adams & Company,Adams & Company,2001,12,26,105572,105572,89.5,A,75,,70,B,David Levy (917) 326-5500 (p),,Midtown East
1009930001,"561 7 Ave, New York, NY 10018",Handler Real Estate Services,Handler Real Estate Services,1991,21,26,71741,60050,95.7,C,55,,65,B,Darell Handler (646) 597-6171 (p),LEED Platinum,Garment District
1009930022,"115 W 40th St, New York, NY 10018",Adams & Company,Adams & Company,2016,22,1,304345,304345,100,B,83,75,,B,David Levy (917) 326-5500 (p),,Garment District
1009930029,"5 Bryant Park, New York, NY 10018",Savanna Real Estate Fund,CBRE,2021,35,95,682914,614006,80.4,B,72,85,,A,Neil King (212) 984-8352 (p),,Midtown-Times Square
1009930055,"1441 Broadway, New York, NY 10018",L.H. Charney Associates,Colliers,2019,33,1,494868,450730,100,N (exempt),76,,71,A,Richard Doolittle (212) 716-3520 (p),LEED Platinum,Financial District
1009940001,"1459 Broadway, New York, NY 10019",Swig Equities,Himmel + Meringoff,2017,48,70,1079378,1059378,100,B,79,63,,B,Adam Weissleder (212) 337-7763 (p),,Financial District
1009950033,"1111 Ave Of The Americas, New York, NY 10036",Brookfield,CBRE,2001,55,48,2212675,568383,98.8,C,59,,57,A,Peter Turchin (212) 984-8364 (p),,Midtown-Times Square
1009960001,"1500 Broadway, New York, NY 10036",Tamares Group,CBRE,1989,33,69,508344,401298,60.3,D,27,,49,A,Paul Amrich (212) 984-8122 (p),,Midtown-Times Square
1009960029,"1133 Ave Of The Americas, New York, NY 10036",Durst Organization,Durst Organization,2015,44,44,977035,838075,88.3,B,77,,69,A,Rocco Romeo (212) 257-6630 (p),,Midtown-Times Square
1009970029,"1155 Ave Of The Americas, New York, NY 10036",Durst Organization,Durst Organization,2016,40,43,686838,681611,92.3,B,75,75,,A,Rocco Romeo (212) 257-6630 (p),,Midtown-Times Square
1009970041,"120 W 45th St, New York, NY 10036",Kamber Management,JLL,2011,40,66,426056,414076,85.4,C,60,59,,A,Paul Glickman (212) 418-2646 (p),,Midtown-Times Square
1009980012,"145 W 45th St, New York, NY 10036",Fatollah Hematian,LSL Advisors,1989,12,85,81698,65372,100,B,88,,87,B,Daniel Lolai (212) 278-8071 (p),,Times Square
1009980024,"115 W 45th St, New York, NY 10036",Kiamie Industries,Windsor Management,1987,12,29,53281,43281,82.8,D,45,,73,B,Phillip Kiamie (212) 213-2112 (p),,Midtown-Times Square
1009990003,"1560 Broadway, New York, NY 10036",Actors' Equity Association,CBRE,1999,17,84,236119,191882,99.8,A,92,,88,A,,,Times Square
1009990009,"151 W 46th St, New York, NY 10036",Elo Realty,Elo Realty,1998,14,2,61160,56160,100,D,26,,51,C,Jack Elo (212) 997-5540 (p),,Times Square
1009990019,"114 W 47th St, New York, NY 10036",Durst Organization,Durst Organization,2019,25,1,577534,549945.75,100,B,76,75,,A,Eric Engelhardt (212) 667-8704 (p),,Midtown-Times Square
1009990029,"1185 Ave Of The Americas, New York, NY 10036",SL Green Realty,SL Green Realty,2013,42,50,1041308,672763,91.4,C,67,55,,A,Gary Rosen (212) 216-1687 (p),,Midtown-Times Square
1010030005,"135 W 50th St, New York, NY 10020",DMLG Builders,George Comfort & Sons,2022,23,52,751395,715990.5842,100,A,95,72,,A,Matt Coudert (212) 542-2121 (p),,Midtown-Times Square
1010040020,"787 7 Ave, New York, NY 10019",CommonWealth Partners,CBRE,2020,51,48,1811610,1553937,97.9,C,63,52,,A,Howard Fiddle (212) 984-6525 (p),,Midtown-Times Square
1010040029,"1285 Ave Of The Americas, New York, NY 10019",RXR Realty,CBRE,2017,39,77,1708404,971197,95.4,B,75,80,,A,Ryan Alexander (212) 984-7148 (p),,Midtown-Times Square
1010070029,"1345 Ave Of The Americas, New York, NY 10019",Blackstone,CBRE,2020,49,50,1900241,1832312,92.4,D,40,15,,A,Peter Turchin (212) 984-8364 (p),,Midtown-Times Square
1010080037,"106 W 56th St, New York, NY 10019",Savanna Real Estate Fund,CBRE,2018,27,20,87573,87573,68,N (exempt),81,,77,A,Peter Turchin (212) 984-8364 (p),,Midtown-Times Square
1010090005,"152 W 57th St, New York, NY 10019",TF Cornerstone,Newmark,1988,61,103,599778,527326.1744,97.5,B,78,99,,A,Matthew Leon (212) 372-2041 (p),,Midtown-Times Square
1010140033,"3 Times Square, New York, NY 10036",Rudin,Cushman & Wakefield,1999,32,2,855000,813070,67.4,N (exempt),64,,63,A,John Cefaly (212) 841-5977 (p),LEED Platinum,Times Square
1010150029,"1493 Broadway, New York, NY 10036",Paramount Group,CBRE,2018,32,201,762028,614707,85.3,D,46,75,,A,Ryan Alexander (212) 984-7148 (p),LEED Platinum,Midtown-Times Square
1010160036,"1515 Broadway, New York, NY 10036",SL Green Realty,SL Green Realty,2013,54,1,2052075,1440374,100,N (exempt),58,69,,A,Larry Swiger (212) 216-1628 (p),,Midtown-Times Square
1010210019,"1613 Broadway, New York, NY 10019",Vornado Realty Trust,CBRE,2020,11,24,158150,158150,100,B,65,,77,B,Stephen Siegel (212) 984-8100 (p),,Financial District
1010240015,"1675 Broadway, New York, NY 10019",Rudin,Rudin,2018,35,1,736407,752000,100,N (exempt),79,,68,A,Robert Steinman (212) 407-2490 (p),,Midtown-Times Square
1010250025,"1690 Broadway, New York, NY 10019",Vornado Realty Trust,Newmark,2021,41,36,594030,553559,85.6,B,72,80,,A,Daniel Levine (212) 372-2319 (p),,Midtown-Times Square
1010250043,"1697 Broadway, New York, NY 10019",CBS,Cushman & Wakefield,2015,13,2,105950,53906,97.3,N (exempt),2,,45,B,Heather Thomas (212) 841-7520 (p),,Financial District
1010260032,"848 7 Ave, New York, NY 10019",Vornado Realty Trust,Avison Young,2020,12.5,50,78750,74550,55.5,A,94,,89,B,John Ryan (212) 729-4971 (p),LEED Gold,Garment District
1010270020,"1740 Broadway, New York, NY 10019",EQ Office,EQ Office,2020,26,53,519600,511700,100,A,90,60,,A,,,Financial District
1010280029,"888 7 Ave, New York, NY 10106",Vornado Realty Trust,Vornado Realty Trust,2017,45,103,816596,437052,92.9,C,59,,73,A,Ryan Levy (212) 894-7472 (p),,Midtown-Times Square
1010290053,"1784 Broadway, New York, NY 10019",Vornado Realty Trust,Vornado Realty Trust,2018,20,26,206334,189334,100,D,35,,55,B,,,Financial District
1010320048,"330 W 42nd St, New York, NY 10036",Deco Towers Associates,Newmark,2021,33,60,552775,469858.75,11.2,A,100,,86,A,,,Hell's Kitchen
1010400029,"825 8 Ave, New York, NY 10019",SL Green Realty,SL Green Realty,2013,49,23,1561011,1489606,65,B,75,,71,A,Jeremy Bier (212) 216-1722 (p),,Hell's Kitchen
1010540041,"420 W 45th St, New York, NY 10036",GFP Real Estate,Newmark,2011,7,2,59152,49734,100,N (exempt),60,,70,B,Bernard Weitzman (212) 372-2348 (p),,Times Square
1011020018,"619 W 54th St, New York, NY 10019",Silverstein Properties,Silverstein Properties,2015,10,12,275000,206250,74.4,D,30,,52,B,,,Hell's Kitchen
1011050036,"600 W 58th St, New York, NY 10019",Durst Organization,Durst Organization,2015,10,1,143128,121658.8,100,N (exempt),4,,39,A,,,Midtown West
1011130051,"16 W 61st St, New York, NY 10023",Williams Equities,Colliers,2018,11,7,113100,96236,100,N (exempt),45,,67,B,Michael Berger (212) 716-3643 (p),,Upper West Side-Lincoln Square
1012590019,"23 W 43rd St, New York, NY 10036",APF Properties,Avison Young,2006,20,1,287894,244709.9,100,A,73,90,,B,,,Times Square
1012600024,"19 W 44th St, New York, NY 10036",SL Green Realty,JLL,2018,16,150,253442,222211,95.7,C,67,85,,A,,,Midtown-Times Square
1012600042,"2 W 45th St, New York, NY 10036",Joseph P. Day,Joseph P. Day,2014,16,58,119990,98336,85.9,C,65,,75,B,Craig Berman (212) 889-7460 (p),,Midtown-Times Square
1012600064,"56 W 45th St, New York, NY 10036",Gatsby,LSL Advisors,1988,17,1,58538,50098.47266,100,B,75,,77,B,Michael Hymowitz (212) 243-8349 (p),,Midtown-Times Square
1012600071,"1156 Ave Of The Americas, New York, NY 10036",APF Properties,Avison Young,2015,9,17,69481,59058.85,72.6,A,95,79,,B,John Ryan (212) 729-4971 (p),,Bryant Park
1012610016,"45 W 45th St, New York, NY 10036",AFIAA,Cushman & Wakefield,2018,16,13,108929,101929,85.7,C,59,,74,B,Harley Dalton (212) 589-5106 (p),,Midtown-Times Square
1012610019,"35 W 45th St, New York, NY 10036",Stahl Organization,Stahl Organization,2007,12,12,55623,48222,79.9,C,63,75,,B,Peter Occhi (212) 826-5503 (p),,Times Square
1012610021,"25 W 45th St, New York, NY 10036",APF Properties,Colliers,2018,16,1,187567,159431.95,100,B,70,83,,B,Joseph Mangiacotti (212) 716-3516 (p),,Times Square
1012610030,"7 W 45th St, New York, NY 10036",Durst Organization,LSL Advisors,1986,16,22,64206,58864,92.2,D,36,,62,B,Daniel Lolai (212) 278-8071 (p),,Midtown-Times Square
1012610034,"546 5 Ave, New York, NY 10036",Safra National Bank,CBRE,1989,12,1,183524,171497.7939,100,C,69,85,,B,,,Midtown-Times Square
1012610036,"550 5 Ave, New York, NY 10036",Safra National Bank,CBRE,2016,12,2,55779,50779,83,D,31,85,,C,,,Bryant Park
1012610042,"2 W 46th St, New York, NY 10036",Triangle Assets,Triangle Assets,2011,16,1,126754,112538.897,100,N (exempt),60,90,,B,Benjamin Stavrach (212) 398-1214 (p),,Midtown-Times Square
1012620024,"21 W 46th St, New York, NY 10036",Elo Realty,Elo Realty,2012,15,31,75008,69313,100,A,88,,90,B,Jack Elo (212) 997-5540 (p),,Midtown-Times Square
1012620048,"16 W 47th St, New York, NY 10036",Elo Realty,Elo Realty,2018,14,123,118292,102553,100,B,72,85,,B,,,Midtown-Times Square
1012620054,"30 W 47th St, New York, NY 10036",Elo Realty,Elo Realty,1984,10,72,55613,47945,100,B,63,,74,B,Jack Elo (212) 997-5540 (p),,Times Square
1012630007,"55 W 47th St, New York, NY 10036",Kaufman Organization,Central Management,2003,13,210,81726,49462,100,C,60,85,,B,Will Lee (347) 857-9844 (p),,Midtown-Times Square
1012630038,"590 5 Ave, New York, NY 10036",Fatollah Hematian,Eastwood Capital Properties,2006,18,14,101459,87484,100,D,50,75,,B,,,Midtown-Times Square
1012630051,"22 W 48th St, New York, NY 10036",Sioni Group,LSL Advisors,2013,15,60,88250,68618,100,A,99,,100,B,,,Midtown-Times Square
1012630059,"42 W 48th St, New York, NY 10036",Elo Realty,Elo Realty,2019,16,42,58201,54563,100,B,65,,76,B,Jason Elo (212) 997-5540 (p),,Times Square
1012630071,"1212 Ave Of The Americas, New York, NY 10036",Stawski Partners,JLL,2017,23,39,248896,181117.377,96.2,A,86,,76,A,Greg Wang (212) 632-1810 (p),,Midtown East
1012640040,"608 5 Ave, New York, NY 10020",Omnispective Management,CBRE,2011,11,1,136647,83548,100,C,78,,80,B,Michael Kazmierski (212) 471-4300 mkazmierski@kaufmanorganization.com,,Midtown-Times Square
1012670001,"1290 Ave Of The Americas, New York, NY 10104",Vornado Realty Trust,Cushman & Wakefield,2014,43,1,1920459,1614329.35,100,C,60,52,,A,Josh Kuriloff (212) 841-7894 (p),,Midtown-Times Square
1012670022,"15 W 51st St, New York, NY 10104",Sedesco,Cushman & Wakefield,2014,33,8,616778,392144,92,B,83,,80,B,Whitnee Williams (212) 954-0920 (p),,Midtown West
1012670034,"640 5 Ave, New York, NY 10019",Vornado Realty Trust,Vornado Realty Trust,2014,21,27,297437,210001,92.6,D,48,,70,B,,,Midtown-Times Square
1012670041,"650 5 Ave, New York, NY 10019",Wharton Properties,Cushman & Wakefield,2016,36,67,345909,276476,82.4,C,67,70,,A,Jon Fales (212) 841-5989 (p),,Midtown-Times Square
1012680001,"51 W 52nd St, New York, NY 10019",Harbor Group International,CBRE,2024,38,1,892704,786731,100,B,73,50,,A,Howard Fiddle (212) 984-6525 (p),,Midtown-Times Square
1012690001,"1330 Ave Of The Americas, New York, NY 10019",1330 CE26,JLL,2010,39,1,474244,276951,100,B,71,85,,A,Lance Yasinsky (212) 292-7592 (p),,Midtown-Times Square
1012700049,"20 W 55th St, New York, NY 10019",Passaic Investors,Newmark,1987,13,19,75000,70000,75.4,D,28,,56,B,William Cohen (212) 372-2233 (p),,Midtown-Times Square
1012700071,"1350 Ave Of The Americas, New York, NY 10019",SL Green Realty,SL Green Realty,2017,34,32,568710,479816,76.1,B,72,85,,A,Gary Rosen (212) 216-1687 (p),,Midtown-Times Square
1012710038,"712 5 Ave, New York, NY 10019",Paramount Group,Newmark,1988,50,73,543411,462198,80.7,B,80,85,,A,David Falk (212) 372-2271 (p),LEED Platinum,Bryant Park
1012710071,"1370 Ave Of The Americas, New York, NY 10019",Barings,CBRE,2002,32,87,311501,239756.8093,82.6,D,55,58,,A,Paul Amrich (212) 984-8122 (p),,Midtown
1012720034,"720 5 Ave, New York, NY 10019",Promenade Real Estate,Resolution Real Estate,2021,15,18,113292,67975,100,C,64,,76,B,,,Midtown-Times Square
1012720066,"48 W 57th St, New York, NY 10019",Vornado Realty Trust,Vornado Realty Trust,2000,16,25,76843,51177,86.3,D,26,,61,B,Anthony Cugini (212) 894-7425 (p),,Midtown-Times Square
1012730001,"1400 Ave Of The Americas, New York, NY 10019",Empire State Realty Trust,Newmark,1989,18,93,158597,132761,98.4,B,76,,74,A,Erik Harris (212) 372-2105 (p),,Midtown-Times Square
1012730012,"37 W 57th St, New York, NY 10019",Sedesco,Newmark,2023,13,2,69649,58113,100,N (exempt),57,100,,B,Nathan Kropp (212) 372-2056 (p),,Midtown West
1012750001,"461 5 Ave, New York, NY 10017",SL Green Realty,Newmark,1988,26,8,238748,194929,96.9,B,72,90,,A,,,Midtown-Times Square
1012750012,"15 E 40th St, New York, NY 10016",Ya Zhou Wen Hua,Douglas Elliman,2013,12,14,57653,55643,100,B,80,,77,A,,,Midtown East
1012750014,"284 Madison Ave, New York, NY 10017",APF Properties,Avison Young,2016,23,27,102079,86767.15,78.4,D,50,80,,B,John Ryan (212) 729-4971 (p),,Flatiron
1012750023,"285 Madison Ave, New York, NY 10017",SL Green Realty,Newmark,2013,25,11,477127,386052,96.9,C,68,,71,A,Daniel Levine (212) 372-2319 (p),,Midtown-Times Square
1012750027,"100 Park Ave, New York, NY 10017",SL Green Realty,Cushman & Wakefield,2008,36,1,861569,756583,100,B,81,94,,A,Tara Stacom (212) 841-7843 (p),,Midtown-Times Square
1012750059,"292 Madison Ave, New York, NY 10017",American Exchange Group,Newmark,2018,24,1,170230,165230,100,A,87,85,,A,Erik Harris (212) 372-2105 (p),,Midtown-Times Square
1012770014,"330 Madison Ave, New York, NY 10017",Vornado Realty Trust,JLL,2012,40,70,733001,712616,98.8,B,83,85,,A,Frank Doyle (212) 812-5759 (p),,Flatiron
1012770069,"511 5 Ave, New York, NY 10017",Aurora Capital Associates,Newmark,1983,17,1,125632,106787.2,100,A,23,,51,B,,,Midtown-Times Square
1012780001,"521 5 Ave, New York, NY 10018",Savanna Real Estate Fund,CBRE,2019,38,61,446045,401183,81.6,B,70,55,,A,Peter Turchin (212) 984-8364 (p),,Midtown-Times Square
1012780014,"340 Madison Ave, New York, NY 10173",Barings,CBRE,2025,22,214,647001,537616,95.3,A,86,,76,A,,,Midtown-Times Square
1012780069,"529 5 Ave, New York, NY 10173",Empire State Realty Trust,JLL,2016,19,29,271266,242426,79.3,A,87,,80,A,Lance Yasinsky (212) 292-7592 (p),,Midtown-Times Square
1012790057,"352 Madison Ave, New York, NY 10017",RFR Realty,Metropolitan Transportation Authority,2001,25,2,380775,344482,90.1,B,78,,75,B,,,Midtown-Times Square
1012790069,"545 5 Ave, New York, NY 10017",Moinian Group,Cushman & Wakefield,1985,13,41,180349,150334,90.3,D,53,76,,B,,,Midtown-Times Square
1012810059,"18 E 46th St, New York, NY 10017",Klosed Properties,Resolution Real Estate,2020,15,35,87016,77716,75.4,C,63,,82,B,Jeffrey Zund (212) 519-2032 (p),Energy Star,Midtown-Times Square
1012810069,"553 5 Ave, New York, NY 10017",SL Green Realty,CBRE,2017,19,21,34137,169667,70.1,C,17,,54,B,Joe Cybulski (212) 984-6631 (p),,Midtown-Times Square
1012830017,"400 Madison Ave, New York, NY 10017",SL Green Realty,Cushman & Wakefield,1985,20,70,146191,138344,88.4,A,86,100,,A,,,Midtown-Times Square
1012830069,"589 5 Ave, New York, NY 10017",Mactaggart Family,Newmark,2013,17,2,183902,116082,92,C,40,75,,A,Brett Harvey (212) 372-2099 (p),,Midtown-Times Square
1012840007,"7 E 48th St, New York, NY 10017",Sioni Group,LSL Advisors,1984,45,38,656428,566807.9976,72.2,A,92,85,,B,Daniel Lolai (212) 278-8071 (p),LEED Gold,Midtown East
1012840056,"424 Madison Ave, New York, NY 10017",BLDG Management Co.,JLL,1999,15,22,62237,62237,91.7,C,55,,70,B,Nicole Danyi (646) 943-0819 (p),,Midtown-Times Square
1012850021,"437 Madison Ave, New York, NY 10022",Kaufman Organization,Sage,2015,39,102,800694,534889.7673,88.6,D,49,50,,A,Michael Lenchner (212) 755-5151 (p),,Midtown-Times Square
1012860043,"34 E 51st St, New York, NY 10022",Sedesco,Newmark,2013,21,2,74455,65936,93.6,F,57,,69,A,Brett Harvey (212) 372-2099 (p),,Upper East Side
1012870014,488 MADISON AVENUE,Feil Organization,Feil Organization,1997,23,7,492669,372214,94.5,A,87,,79,A,,,Midtown-Times Square
1012870021,"477 Madison Ave, New York, NY 10022",RFR Realty,CBRE,2019,23,39,262297,256297,81.6,A,94,,81,A,Alex D'Amario (212) 984-6697 (p),,Midtown-Times Square
1012870033,"350 Park Ave, New York, NY 10022",Vornado Realty Trust,Vornado Realty Trust,1984,31,2,541896,51086.1,100,C,56,38,,A,,,Midtown-Times Square
1012870052,"485 Madison Ave, New York, NY 10022",Jack Resnick & Sons,Jack Resnick & Sons,1997,24,1,263067,207967.8,100,A,89,100,,A,,,Midtown-Times Square
1012880001,"655 5 Ave, New York, NY 10022",Vornado Realty Trust,Vornado Realty Trust,2003,9,1,52400,44397,100,N (exempt),32,,64,B,,,Bryant Park
1012880007,"10 E 53rd St, New York, NY 10022",SL Green Realty,SL Green Realty,2014,38,30,317071,317071,100,D,34,75,,A,Gary Rosen (212) 216-1687 (p),,Midtown-Times Square
1012890021,"515 Madison Ave, New York, NY 10022",GFP Real Estate,GFP Real Estate,2017,42,86,331020,300160,92.6,A,81,,74,A,Martin McGrath (212) 688-4730 (p),,Flatiron
1012890052,"527 Madison Ave, New York, NY 10022",Mitsui Fudosan America,Cushman & Wakefield,1985,25,31,197948,182007,96.8,B,66,,70,A,,,Flatiron
1012900001,"689 5 Ave, New York, NY 10022",Vornado Realty Trust,Vornado Realty Trust,1989,14,23,103060,78074,100,C,56,57,,B,,,Midtown-Times Square
1012900003,"693 5 Ave, New York, NY 10022",Fimalac,Colliers,1991,20,4,101319,86500,71.3,B,76,,83,B,,,Bryant Park
1012900006,"3 E 54th St, New York, NY 10022",Cohen Brothers,Cohen Brothers,1985,19,45,297638,206992,100,A,100,,88,B,Marc Horowitz (212) 590-5224 (p),,Midtown-Times Square
1012900037,"410 Park Ave, New York, NY 10022",Global Holdings Management,JLL,2018,21,1,249417,228665,100,A,90,75,,A,,,Upper East Side
1012900044,"66 E 55th St, New York, NY 10022",Tak Development,JLL,1985,25,1,135000,114750,100,A,77,80,,A,Diana Biasotti (212) 812-5751 (p),,Upper East Side
1012910001,"711 5 Ave, New York, NY 10022",Bilgili Holding,Newmark,2021,18,15,310000,262000,100,D,49,,62,A,Howard Hersch (212) 655-0626 (p),,Midtown-Times Square
1012910010,"550 Madison Ave, New York, NY 10022",Olayan America,CBRE,2019,37,7,685125,636077,93.5,A,97,,87,A,,,Midtown-Times Square
1012910021,"551 Madison Ave, New York, NY 10022",Lexin,JLL,2009,17,22,149179,108130,75.5,A,84,,82,A,Greg Wang (212) 632-1810 (p),,Midtown-Times Square
1012910028,"65 E 55th St, New York, NY 10022",Macklowe Management,Newmark,1986,37,25,528552,441776,89.3,B,56,61,,A,Brian Waterman (212) 372-2299 (p),,Upper East Side
1012910038,"430 Park Ave, New York, NY 10022",Komohil,JLL,2002,18,21,233115,223008,99.2,A,42,,69,A,,,Upper East Side
1012910045,"60 E 56th St, New York, NY 10022",6056 Leasehold,Newmark,1989,12,1,62933,58240.69849,100,N (exempt),43,85,,B,Paul Ippolito (212) 372-2360 (p),LEED Gold,Midtown-Times Square
1012920037,"450 Park Ave, New York, NY 10022",SL Green Realty,SL Green Realty,1989,32,62,325116,264713,98.8,D,37,38,,A,,,Midtown-Times Square
1012920048,"32 E 57th St, New York, NY 10022",Joseph P. Day,Joseph P. Day,1985,22,19,77511,72511,100,A,96,,94,A,,,Midtown-Times Square
1012920052,"575 Madison Ave, New York, NY 10022",Steinberg,CBRE,2018,25,31,400943,343354,70.4,B,83,,77,B,,,Midtown-Times Square
1012930026,"597 Madison Ave, New York, NY 10022",Fuller Madison,Newmark,2005,42,12,305037,195874.5,100,B,76,74,,A,,,Midtown-Times Square
1012930035,"460 Park Ave, New York, NY 10022",Hahn Kook Center,JLL,2013,22,2,254185,249862,87.3,C,40,,50,A,,,Upper East Side
1012930059,"600 Madison Ave, New York, NY 10022",Ruben Companies,CBRE,2014,25,1,343305,315918,100,D,50,75,,A,John Santora (212) 841-7500 john.santora@cushwake.com,,Midtown-Times Square
1012930069,"745 5 Ave, New York, NY 10022",Paramount Group,Paramount Group,1989,34,55,459340,437870,69.2,B,73,75,,A,Douglas Neye (212) 237-2976 (p),,Bryant Park
1012940037,"500 Park Ave, New York, NY 10022",SL Green Realty,JLL,2008,11,13,103178,97344,90.6,D,4,34,,A,,,Midtown-Times Square
1012940046,"625 Madison Ave, New York, NY 10022",SL Green Realty,SL Green Realty,1988,16,2,526635,464747,100,N (exempt),68,75,,A,,,Midtown-Times Square
1012950017,"354 Lexington Ave, New York, NY 10017",Hilson Management,TKO Suites,2020,24,37,238293,226050,93,B,80,85,,B,Rebecca Esses (833) 410-3195 (p),LEED Gold,Murray Hill-Kips Bay
1012950020,"363 Lexington Ave, New York, NY 10017",AmTrust Realty,JLL,2012,26,38,118587,108587,77.1,N (exempt),45,90,,A,Barbara Winter (212) 812-5990 (p),,Murray Hill-Kips Bay
1012950023,"355 Lexington Ave, New York, NY 10017",Rudin,Rudin,1988,22,30,225000,209000,100,A,85,,81,A,Robert Steinman (212) 407-2490 (p),,Midtown East
1012950033,"622 3 Ave, New York, NY 10017",Cohen Brothers,Cohen Brothers,2013,41,23,1088000,960471,77.5,C,63,,63,A,Marc Horowitz (212) 590-5224 (p),,Murray Hill-Kips Bay
1012950058,"364 Lexington Ave, New York, NY 10017",Triangle Assets,Triangle Assets,2004,26,131,245292,233287,86.5,C,55,,70,B,,,Murray Hill-Kips Bay
1012960001,"125 Park Ave, New York, NY 10168",SL Green Realty,SL Green Realty,2012,24,40,541089,497582,93.7,C,64,75,,A,John Esslinger - Boston Properties Limited Partnership,,Murray Hill-Kips Bay
1012970023,"395 Lexington Ave, New York, NY 10174",Cooper Union,Cushman & Wakefield,2000,68,1,1035307,880010.95,100,A,89,,78,A,,,Midtown East
1012990022,"437 Lexington Ave, New York, NY 10017",Gordon Property Group,JLL,2010,18,1,97075,91555,100,D,54,53,,B,Seth Hecht (212) 812-6548 (p),,Midtown East
1013000001,"230 Park Ave, New York, NY 10017",RXR Realty,RXR Realty,2018,34,113,1212596,1181886,68.9,B,77,75,,A,Andrew Ackerman (212) 444-3821 (p),LEED Platinum,East Midtown-Turtle Bay
1013000033,"730 3 Ave, New York, NY 10017",TIAA-CREF,CBRE,1992,28,8,665110,646809,98.5,A,86,100,,A,Paul Amrich (212) 984-8122 (p),,Midtown East
1013010001,"245 Park Ave, New York, NY 10167",SL Green Realty,SL Green Realty,2011,45,35,1592125,1573122,93.7,C,58,82,,A,,,East Midtown-Turtle Bay
1013010023,"485 Lexington Ave, New York, NY 10017",SL Green Realty,SL Green Realty,2013,30,30,794557,674979,81.4,B,80,80,,A,David Kaufman (212) 356-4104 (p),,East Midtown-Turtle Bay
1013010033,"750 3 Ave, New York, NY 10017",SL Green Realty,SL Green Realty,2006,34,65,761384,739495,100,N (exempt),84,75,,A,David Kaufman (212) 356-4104 (p),,Midtown East
1013030001,"299 Park Ave, New York, NY 11364",Fisher Brothers Management,Newmark,2014,42,16,1039281,508069.7,98.5,D,54,50,,A,,,East Midtown-Turtle Bay
1013030033,"776 3 Ave, New York, NY 10017",TIAA-CREF,CBRE,1983,50,80,515182,306936,78.5,B,75,80,,C,,,East Midtown-Turtle Bay
1013040033,"800 3 Ave, New York, NY 10022",SL Green Realty,Joseph P. Day,2006,41,56,528180,500190,89.3,D,29,,43,A,Richard Teichman (212) 889-7460 (p),,East Midtown-Turtle Bay
1013050013,"560 Lexington Ave, New York, NY 10022",Rudin,Rudin,2014,22,17,333848,324040,85,B,79,,69,A,Kevin Daly (212) 407-2437 (p),,East Midtown-Turtle Bay
1013050040,"830 3 Ave, New York, NY 10022",Empire State Realty Trust,Empire State Realty Trust,2016,13,21,150638,135157,92.6,A,88,,85,B,,,East Midtown-Turtle Bay
1013050060,"566 Lexington Ave, New York, NY 10022",Feil Organization,Feil Organization,1996,50,50,554277,361581,77.2,N (exempt),28,,45,A,Timothy Parlante (212) 563-6557 (p),,East Midtown-Turtle Bay
1013060001,"345 Park Ave, New York, NY 10154",Rudin,Rudin,1999,44,30,1783232,1504490,98.1,D,46,,63,A,Thomas Keating (212) 407-2481 (p),,East Midtown-Turtle Bay
1013070001,"375 Park Ave, New York, NY 10152",RFR Realty,RFR Realty,2021,38,1,824906,721661.9,100,B,74,,79,A,,,East Midtown-Turtle Bay
1013070014,"600 Lexington Ave, New York, NY 10022",Lex NY Equities,Cushman & Wakefield,2013,35,45,305167,264196,89,A,88,,80,A,Harry Blair (212) 841-5996 (p),,East Midtown-Turtle Bay
1013080033,"880 3 Ave, New York, NY 10022",Jack Resnick & Sons,Jack Resnick & Sons,2009,18,22,142235,119340,78.6,A,88,,82,A,Adam Rappaport (646) 253-3111 (p),,East Midtown-Turtle Bay
1013090023,"641 Lexington Ave, New York, NY 10022",Rudin,Rudin,2013,32,40,431744,402935,92.8,B,80,,69,A,Robert Steinman (212) 407-2490 (p),,East Midtown-Turtle Bay
1013090032,"900 3 Ave, New York, NY 10022",Paramount Group,Cushman & Wakefield,1983,36,35,516710,509700,91.4,A,88,87,,A,Bruce Mosler (212) 841-7900 (p),,Midtown East
1013090066,"110 E 55th St, New York, NY 10022",Parkoff Organization,Douglas Elliman,2017,19,1,73000,69350,100,N (exempt),45,,70,B,Bradford Siderow (212) 891-7034 (p),LEED Platinum,East Midtown-Turtle Bay
1013100041,"160 E 56th St, New York, NY 10022",Shokrollah Rehanian,Handler Real Estate Services,2003,12,42,55558,47423,99.1,A,87,85,,B,Isaac Leader (646) 747-4686 (p),,East Midtown-Turtle Bay
1013120015,"135 E 57th St, New York, NY 10022",Cohen Brothers,Cohen Brothers,1987,32,41,397354,267046,100,N (exempt),79,,67,A,Marc Horowitz (212) 590-5224 (p),,Upper East Side
1013120024,"145 E 57th St, New York, NY 10022",ABS Partners,ABS Partners,2015,13,12,58458,44873,100,F,62,65,,B,Ben Waller (212) 400-9515 (p),,Upper East Side
1013120041,"150 E 58th St, New York, NY 10155",Vornado Realty Trust,Vornado Realty Trust,2013,39,144,529736,461569.5,100,C,64,84,,A,Ryan Levy (212) 894-7472 (p),,East Midtown-Turtle Bay
1013130005,"111 E 58th St, New York, NY 10022",Jack Resnick & Sons,Jack Resnick & Sons,1974,36,29,538141,459957,71.2,B,74,46,,B,Fran Delgorio (646) 253-3100 (p),,East Midtown-Turtle Bay
1013130014,"722 Lexington Ave, New York, NY 10022",Vornado Realty Trust,Vornado Realty Trust,1974,14,1,130837,121464,100,A,99,,91,A,Edward Riguardi (212) 894-7923 (p),,East Midtown-Turtle Bay
1013150001,"655 3 Ave, New York, NY 10017",Durst Organization,Durst Organization,2025,28,92,384432,366528,79.8,B,77,75,,A,Ashlea Aaron (212) 257-6590 (p),,Murray Hill-Kips Bay
1013160001,"675 3 Ave, New York, NY 10017",Durst Organization,Durst Organization,1994,31,50,289356,289356,100,C,60,,61,A,,,Murray Hill-Kips Bay
1013170001,"685 3 Ave, New York, NY 10017",BGO,CBRE,2023,27,57,645347,533565,89.4,A,85,87,,A,Paul Amrich (212) 984-8122 (p),,Murray Hill-Kips Bay
1013170021,"815 2 Ave, New York, NY 10017",Episcopal Church,Avison Young,2004,11,4,137784,137784,100,F,83,,82,B,Nicola Heryet (212) 858-0593 (p),,Midtown East
1013180001,"711 3 Ave, New York, NY 10017",SL Green Realty,SL Green Realty,2010,19,35,497908,478028,73.2,A,85,75,,B,Gary Rosen (212) 216-1687 (p),,East Midtown-Turtle Bay
1013180033,"228 E 45th St, New York, NY 10017",Steinberg,Resolution Real Estate,2013,16,1,208052,176844.2,100,B,84,,81,B,Brett Weiss (212) 519-2041 (p),,Midtown East
1013190047,"733 3 Ave, New York, NY 10017",Durst Organization,Durst Organization,2018,23,20,390878,390878,92.1,C,66,,74,A,Eric Engelhardt (212) 667-8704 (p),,East Midtown-Turtle Bay
1013200046,"747 3 Ave, New York, NY 10017",Kaufman Organization,Sage,2014,39,42,417356,346259.238,86.9,D,44,40,,A,Michael Lenchner (212) 755-5151 (p),,East Midtown-Turtle Bay
1013210001,"757 3 Ave, New York, NY 10017",MEPT Fund,JLL,1987,26,65,407767,381767,75.6,B,74,,78,A,Clark Finney (212) 812-6505 (p),,East Midtown-Turtle Bay
1013210022,"885 2 Ave, New York, NY 10017",Tower Plaza Associates,Newmark,2006,48,27,812598,704001,93,B,83,80,,A,Erik Harris (212) 372-2105 (p),,East Midtown-Turtle Bay
1013210047,"767 3 Ave, New York, NY 10017","Quantum Pacific Group, Metro Loft Management",Sage,2023,40,1,281892,277498,100,C,56,59,,A,Michael Lenchner (212) 755-5151 (p),,East Midtown-Turtle Bay
1013220001,"777 3 Ave, New York, NY 10017",Kaufman Organization,Sage,2010,39,61,539082,470253.1083,88.4,C,65,59,,A,Michael Lenchner (212) 755-5151 (p),,East Midtown-Turtle Bay
1013230047,"805 3 Ave, New York, NY 10022",Cohen Brothers,Bradford Allen Realty Services,2018,29,64,597523,560753,33.2,B,76,,65,A,Tony Builder (212) 593-7106 (p),,East Midtown-Turtle Bay
1013250001,"845 3 Ave, New York, NY 10022",Rudin,Rudin,2004,21,34,352888,314371,100,B,70,,71,A,Robert Steinman (212) 407-2490 (p),LEED Platinum,East Midtown-Turtle Bay
1013260001,"875 3 Ave, New York, NY 10022",Global Holdings Management,JLL,1982,29,29,634175,623129,92.1,A,93,75,,A,Diana Biasotti (212) 812-5751 (p),,East Midtown-Turtle Bay
1013280001,"909 3 Ave, New York, NY 10022",Vornado Realty Trust,CBRE,2011,32,10,1278510,941056,90.1,A,90,,79,A,Jacob Rosenthal (212) 984-8009 (p),,East Midtown-Turtle Bay
1013290001,"919 3 Ave, New York, NY 10022",SL Green Realty,CBRE,2016,46,55,1428504,1211280,95.5,N (exempt),66,69,,A,Alex D'Amario (212) 984-6697 (p),,East Midtown-Turtle Bay
1013320001,"979 3 Ave, New York, NY 10022",Cohen Brothers,Cohen Brothers,2001,17,200,579779,518279,84.4,B,78,,70,A,Matthew Kurzban (212) 590-5225 (p),,East Midtown-Turtle Bay
1013740014,"650 Madison Ave, New York, NY 10022",Vornado Realty Trust,JLL,1987,27,33,531000,344086.3,99.2,C,68,,69,A,,,Upper East Side-Carnegie Hill
1013740060,"10 E 60th St, New York, NY 10022",Findim Investments S.A.,Cushman & Wakefield,2020,13,46,129837,110957,91.9,D,29,,58,B,William Fressle (212) 841-7566 (p),,Upper East Side-Carnegie Hill
1013750016,"652 Madison Ave, New York, NY 10065",Extell Development,Colliers,2022,21,42,136733,118733,100,C,68,,74,A,,,Upper East Side-Carnegie Hill
1013750021,"653 Madison Ave, New York, NY 10065",Adler Group,Kaufman Organization,2021,24,40,207888,185235,96.7,B,75,,76,B,,,Upper East Side-Carnegie Hill
1013940001,"505 Park Ave, New York, NY 10022",G.S. 505 Park,Cushman & Wakefield,1986,21,44,220510,213746,93.6,A,87,,84,A,,,Upper East Side-Carnegie Hill
1013940013,"750 Lexington Ave, New York, NY 10022",Cohen Brothers,Bradford Allen Realty Services,1986,28,44,383935,328343.95,77.4,B,75,,65,A,Glenn Isaacson (917) 838-1097 (p),,Upper East Side-Carnegie Hill
1013950017,"770 Lexington Ave, New York, NY 10065",Swig Equities,Brown Harris Stevens,2019,20,1,168619,133299.55,100,D,38,,61,A,Kimani Rabess (212) 508-7428 (p),,Upper East Side-Carnegie Hill
1014350044,"306 E 61st St, New York, NY 10065",Acram Group,Cushman & Wakefield,2005,7,19,81123,58340,91.9,A,93,75,,B,Adam Ardise (212) 318-9741 (p),,Upper East Side-Lenox Hill-Roosevelt Island
1017740056,"132 E 126th St, New York, NY 10035",Blumenfeld Development,Newmark,2008,6,1,58948,50105.8,100,F,41,,64,A,Barry Goodman (212) 372-2243 (p),,Harlem
1017750033,"2322 3 Ave, New York, NY 10035",Jack Resnick & Sons,Jack Resnick & Sons,2015,5,2,123885,123885,100,C,57,,65,B,Adam Rappaport (646) 253-3111 (p),,Midtown East
1018840001,"2880 Broadway, New York, NY 10025",Columbia University,Columbia University,2015,7,1,59018,50165.3,100,N (exempt),60,,73,B,,,Midtown
1019670045,"461 W 126th St, New York, NY 10027",Janus Property,Newmark,2021,11,20,153404,130393.4,16.3,N (exempt),43,,58,A,Jonathan Fanuzzi (212) 372-2036 (p),,Manhattanville-West Harlem
1019860065,"3280 Broadway, New York, NY 10027",Columbia University,Columbia Facilities and Operations,1995,7,1,212271,184044,100,N (exempt),55,,67,B,,,Manhattanville-West Harlem
1019980017,"615 W 131st St, New York, NY 10027",Columbia University,Columbia Facilities and Operations,2006,6,1,244800,176400,100,N (exempt),27,,50,A,,,Harlem
1021240043,"3940 Broadway, New York, NY 10032",City of New York,DCAS,1995,6,1,100858,107732.4,100,N (exempt),1,,40,B,,,Times Square
1002310035,"451 Broadway, New York, NY 10013",Crale Realty,Sinvin,2003,5,5,60000,55000,60.2,N (exempt),8,,35,B,Christopher Owles (212) 604-9002 (p),,Financial District
1005010015,"130 Prince St, New York, NY 10012",Englewood Partners,Cushman & Wakefield,1988,5,1,64414,53007.7,100,N (exempt),55,,75,C,Amy Zhen (212) 841-5036 (p),,SoHo-Little Italy-Hudson Square
1005640007,"113 University Pl, New York, NY 10003",Amalgamated Lithographers of America,Okada & Company,1988,11,11,57739,52239,80.5,N (exempt),52,,65,B,Avery Reavill (212) 244-4240 (p),,Greenwich Village
1005770019,"34 W 14th St, New York, NY 10011",New School,Newmark,2003,5,1,151541,128809.85,100,N (exempt),67,75,,C,William Cohen (212) 372-2233 (p),,Greenwich Village
1005970055,"333 Hudson St, New York, NY 10013",Trinity Church Wall Street,Hines,2007,10,11,101280,95080,82.9,C,61,,75,B,Tara Chase (212) 587-0500 (p),,SoHo-Little Italy-Hudson Square
1006970056,"536 W 26th St, New York, NY 10001",Ramrock Real Estate,Lincoln Property,2016,9,3,144079,73249,100,N (exempt),94,71,,A,,,Chelsea
1007310001,"460 W 34th St, New York, NY 10001",SL Green Realty,SL Green Realty,2016,19,50,538520,508659,100,B,84,,90,A,William Isor (202) 714-4699 (p),,Chelsea-Hudson Yards
1007590031,"315 W 35th St, New York, NY 10001",Salva,Okada & Company,2020,14,11,62632,57732,64.4,N (exempt),85,,90,B,Thomas Capuano (212) 244-4240 (p),,Garment District
1007600012,"347 W 36th St, New York, NY 10018",HSP Real Estate Group,Resolution Real Estate,1988,16,74,98454,90454,88.6,A,94,,95,C,Barry Bernstein (212) 519-2014 (p),,Chelsea-Hudson Yards
1007630049,"314 W 40th St, New York, NY 10018",City of New York,DCAS,2000,5,1,68060,68060,100,N (exempt),66,90,,A,Brett Harvey (212) 372-2099 (p),,Garment District
1007750058,"226 W 26th St, New York, NY 10001",Rocco Tomassetti,Newmark,1983,10,12,103873,76173,92.1,N (exempt),86,100,,C,Kenneth Kronstadt (646) 441-3837 (p),,Chelsea
1007840077,"494 8 Ave, New York, NY 10001",Elijah Equities,Adams & Company,2000,23,42,111274,111000,83.2,N (exempt),95,,95,B,Alan Bonett (917) 326-5533 (p),,Chelsea
1007850018,"237 W 35th St, New York, NY 10001",Somerset Management,Kaufman Organization,2015,17,17,144141,134341,74.3,N (exempt),95,,95,C,Michael Kaufman (212) 471-4320 (p),,Garment District
1007890030,"205 W 39th St, New York, NY 10018",Resolution Real Estate,Resolution Real Estate,1952,16,22,229162,229162,100,N (exempt),77,,85,B,Thomas Capuano (212) 244-4240 (p),,Garment District
1007890075,"264 W 40th St, New York, NY 10018",Renaissance Properties,Newmark,2004,20,61,116100,103823,99.3,N (exempt),88,,95,A,JD Cohen (212) 850-5476 (p),,Garment District
1008000068,"152 W 25th St, New York, NY 10001",Williams Real Estate,Koeppel Rosen,1988,12,21,66115,46515,65.4,N (exempt),85,,90,C,Max Koeppel (212) 249-1855 (p),,Chelsea-Hudson Yards
1008060058,"128 W 31st St, New York, NY 10001",Vanbarton Group,Hines,2019,17,47,384655,312453,80.2,B,70,70,,B,,,Midtown South-Flatiron-Union Square
1008070028,"119 W 31st St, New York, NY 10001",Clarion Partners,Newmark,1982,16,10,221227,208227,66,B,83,,90,C,,,Midtown South-Flatiron-Union Square
1008110062,"152 W 36th St, New York, NY 10018",Frangene,Lee & Associates,2010,8,49,51853,46153,83.4,A,92,,95,C,Todd Korren (212) 776-1283 (p),,Midtown-Times Square
1008120016,"141 W 36th St, New York, NY 10018",Tishman Speyer,JLL,1965,22,34,165000,102713.453,90.1,N (exempt),97,,95,B,Lloyd Desatnick (212) 812-5712 (p),LEED Certified,Garment District
1008120019,"135 W 36th St, New York, NY 10018",Waitex International,Okada & Company,2015,22,23,107209,99117,84.2,A,92,,95,B,,LEED Gold,Midtown-Times Square
1008220058,"30 W 21st St, New York, NY 10010",Skyway Development Group,Nomad Group,2014,15,13,60798,52600,100,B,75,,85,B,David Greene (917) 846-0166 (p),,Midtown South-Flatiron-Union Square
1008220062,"38 W 21st St, New York, NY 10010",Jack Vogel Associates,Rice,1987,12,19,68808,62799,100,N (exempt),99,,95,B,Douglas Rice (212) 253-8703 (p),,Chelsea
1008230073,"56 W 22nd St, New York, NY 10010",Williams Real Estate,Kaufman Organization,2010,12,15,55200,50600,84.2,N (exempt),100,,95,B,Grant Greenspan (212) 471-4340 (p),,Chelsea
1008330057,"22 W 32nd St, New York, NY 10001",Montague-Lee,Okada & Company,2013,16,17,113000,101000,73.5,N (exempt),73,,85,C,Thomas Capuano (212) 244-4240 (p),,Garment District
1008380072,"40 W 37th St, New York, NY 10018",Park Ridge International,Okada & Company,1983,13,62,54725,50725,97.4,A,99,,95,B,Roy Kim (212) 268-5237 (p),,Garment District
1008390060,"22 W 38th St, New York, NY 10018",BEB,Colliers,1987,12,20,65000,56000,66.4,A,91,,95,C,,,Midtown-Times Square
1008400013,"49 W 38th St, New York, NY 10018",Heskel's Asset Management,ABS Partners,1979,16,1,63412,50912,100,C,61,,70,C,Ian Weiss (212) 400-9529 (p),,Midtown-Times Square
1008400042,"424 5 Ave, New York, NY 10018",Amazon,JLL,2019,12,1,51271,47169,100,N (exempt),99,,90,A,,,Bryant Park
1008410001,"1040 Ave Of The Americas, New York, NY 10018",Garden Homes,Newmark,1979,24,1,255000,196932,100,A,86,,90,B,William Cohen (212) 372-2233 (p),,Midtown-Times Square
1008410027,"15 W 39th St, New York, NY 10018",Northern Star,Okada & Company,2013,16,1,79056,74056,100,C,64,,80,C,Christopher Okada (212) 244-4240 (p),,Midtown-Times Square
1008600049,"36 E 31st St, New York, NY 10016",Williams Real Estate,Koeppel Rosen,1986,12,12,150686,139086,89.3,N (exempt),89,,95,C,Max Koeppel (212) 249-1855 (p),,Midtown East
1008610003,"307 5 Ave, New York, NY 10016",Elijah Equities,Adams & Company,2014,17,17,60648,56648,87.4,N (exempt),56,,70,B,Alan Bonett (917) 326-5533 (p),,Bryant Park
1008620016,"152 Madison Ave, New York, NY 10016",Safavieh,ABS Partners,2015,22,47,98000,90976,96.1,A,87,,90,B,Ian Weiss (212) 400-9529 (p),,Midtown South-Flatiron-Union Square
1008630006,"1 E 33rd St, New York, NY 10016",Williams Real Estate,Koeppel Rosen,1986,12,22,127866,112866,100,B,75,,85,C,Max Koeppel (212) 249-1855 (p),,Midtown South-Flatiron-Union Square
1008630029,"33 E 33rd St, New York, NY 10016",Elk Investors,Newmark,2013,12,30,139841,122841,80.1,A,100,,95,C,Erik Harris (212) 372-2105 (p),,Midtown South-Flatiron-Union Square
1008680012,"9 E 38th St, New York, NY 10016",ClearRock Properties,Newmark,2015,12,1,59191,50312.35,100,N (exempt),31,,55,C,John Cinosky (212) 400-2348 (p),,Midtown East
1008690020,"271 Madison Ave, New York, NY 10016",J.C. Dwight Management,Resolution Real Estate,2017,21,59,104431,99431,78.6,N (exempt),95,,95,B,Jeffrey Zund (212) 519-2032 (p),,Flatiron
1008690064,"16 E 40th St, New York, NY 10016",Quartz,Colliers,2009,12,22,89423,83423,100,N (exempt),88,90,,A,Alexander Bermingham (212) 542-2189 (p),,Midtown East
1008810029,"137 E 25th St, New York, NY 10010",Republic Investment,Newmark,1986,10,17,71043,66100,51.4,N (exempt),86,,90,B,Cole Gendels (212) 850-5443 (p),Energy Star; LEED Gold,Flatiron
1008830001,"387 Park Ave South, New York, NY 10016",TF Cornerstone,TF Cornerstone,2017,12,16,183913,158454,100,B,80,99,,B,,,Gramercy
1009950005,"1472 Broadway, New York, NY 10036",Durst Organization,Durst Organization,2016,51,2,1601977,1539113,90,D,44,75,,A,,,Midtown-Times Square
1010030029,"1271 Ave Of The Americas, New York, NY 10020",Rockefeller Group,CBRE,2019,47,48,1962900,1716708,100,N (exempt),70,,85,A,John Maher (212) 984-8008 (p),,Midtown East
1010100021,"119 W 57th St, New York, NY 10019",Zar Property NY,GFP Real Estate,1984,14,80,112147,103707,85.7,N (exempt),63,81,,B,David Zar (212) 944-7979 (p),,Midtown West
1010120023,"215 W 40th St, New York, NY 10018",Heskel's Asset Management,ABS Partners,1985,14,16,67823,60286,100,C,55,,70,C,,,Midtown-Times Square
1010130029,"592 7 Ave, New York, NY 10036",RXR Realty,REQCE,2002,39,181,979677,1102336,52.7,A,99,,95,B,Sam Hamway (917) 270-5120 (p),,Midtown-Times Square
1011130008,"27 W 60th St, New York, NY 10023",Bonafide Estates,CBRE,2017,11,13,134102,43181.8212,71,N (exempt),92,,95,B,Neil King (212) 984-8352 (p),LEED Gold,Upper West Side
1012620001,"1180 Ave Of The Americas, New York, NY 10036",Northwood Investors,Cushman & Wakefield,1994,22,61,327766,317756,50.8,N (exempt),74,70,,A,Bryan Boisi (212) 318-9756 (p),LEED Platinum,Midtown
1012840002,"597 5 Ave, New York, NY 10017",A & A Investment Group,JLL,1989,12,10,72000,39942,59.9,B,79,,90,C,,,Midtown-Times Square
1012980023,"425 Lexington Ave, New York, NY 10017",Vanbarton Group,Hines,1987,31,42,675086,574066,100,B,76,,85,A,,,East Midtown-Turtle Bay
1013910014,"974 Madison Ave, New York, NY 10075",Bloomberg,RFR Realty,1987,6,29,118635,73051,100,N (exempt),40,,60,A,,,Flatiron
1022150824,"4116 9 Ave, New York, NY 10034",City of New York,DCAS,1992,4,1,23080,44200,100,A,99,75,,A,,,Inwood